well,rows,visible_rows,eval_rows,eval_frac,tvt_min,tvt_max,tvt_range,gr_missing_frac,gr_mean
000d7d20,5278,1442,3836,0.726790450928382,11236.02,11756.12,520.1000000000004,0.4278135657446002,94.43696140864859
00bbac68,7559,1545,6014,0.7956078846408255,11406.63,12240.01,833.380000000001,0.12461965868501125,88.25510630500851
00e12e8b,6384,2083,4301,0.6737155388471178,10606.18,11616.64,1010.4599999999991,0.09147869674185463,53.64242097598476
015fe0d2,5950,1654,4296,0.7220168067226891,11747.26,12271.53,524.2700000000004,0.2542857142857143,87.95722645593742
01869cd4,6850,1293,5557,0.8112408759124088,11358.27,11767.75,409.47999999999956,0.4770802919708029,86.9647526193267
01982c1d,5587,1646,3941,0.70538750671201,9927.92,10700.87,772.9500000000007,0.15142294612493287,54.90613414052341
028d7b28,7761,1527,6234,0.8032470042520293,11874.64,12437.08,562.4400000000005,0.21788429326117767,54.052147230996866
02e7fe5a,6888,1780,5108,0.7415795586527294,11356.13,12199.39,843.2600000000002,0.579849012775842,72.67285068383458
0390d174,6101,1690,4411,0.7229962301262088,10114.85,10639.09,524.2399999999998,0.47959350926077693,37.15496024397357
03a935ae,4430,1644,2786,0.6288939051918736,12192.18,12837.98,645.7999999999993,0.039503386004514675,87.37994979468665
044af7d1,6067,1548,4519,0.7448491841107632,11313.18,11870.04,556.8600000000006,0.6059007746827098,106.62011260841246
0498acab,6432,1634,4798,0.7459577114427861,10650.9,11416.25,765.3500000000004,0.4577114427860697,84.00343293204492
052d64df,4590,2145,2445,0.5326797385620915,10522.89,11456.35,933.460000000001,0.25359477124183005,86.40260651810193
05948241,5428,1549,3879,0.7146278555637435,10026.56,10841.42,814.8600000000006,0.5477155490051584,82.33881685180818
059c8f24,7998,1740,6258,0.7824456114028507,9556.52,10326.13,769.6099999999988,0.40772693173293323,80.18145126593544
05a0ee4d,6098,1750,4348,0.7130206625122991,11142.98,11929.08,786.1000000000004,0.32076090521482453,101.03859441530011
060ab2b8,7818,1560,6258,0.8004604758250192,10009.16,10970.71,961.5499999999993,0.5674085443847532,84.49726166594928
06df5958,5039,1530,3509,0.6963683270490176,10768.09,11343.09,575.0,0.15677713832109547,77.59830360996145
071d7b45,4720,1509,3211,0.6802966101694915,10128.63,10553.96,425.3299999999999,0.15550847457627118,80.95587566061508
0849b4e2,7436,1899,5537,0.7446207638515331,11050.65,11951.15,900.5,0.2280796126949973,67.72704055962289
084d66f9,5632,1747,3885,0.6898082386363636,10128.06,11028.1,900.0400000000009,0.6003196022727273,74.55811337121682
08fecf00,7405,1831,5574,0.7527346387575962,11229.55,12155.05,925.5,0.24307900067521945,65.2465091638396
09053135,7715,1808,5907,0.765651328580687,10676.97,11486.67,809.7000000000007,0.37174335709656514,78.62940786325447
09441b8d,7395,1907,5488,0.7421230561189993,10351.68,11219.51,867.8299999999999,0.13252197430696416,84.28635888707251
0955cd6c,7125,1930,5195,0.7291228070175438,11438.21,12190.06,751.8500000000004,0.5807719298245614,85.94274636343026
09ec2ca9,7824,1939,5885,0.7521728016359919,10243.31,11059.02,815.710000000001,0.513420245398773,113.8289974211726
0a57a29c,7194,1373,5821,0.8091465109813734,10681.71,11210.09,528.380000000001,0.4961078676675007,81.71112351462098
0bbf5e67,6031,1733,4298,0.7126513016083568,10180.13,10972.06,791.9300000000003,0.5000829049908805,80.8986383238165
0be01c24,6385,1647,4738,0.742051683633516,10548.98,11322.65,773.6700000000001,0.03837118245888802,77.24597430884938
0c1b160c,6714,1660,5054,0.752755436401549,10592.33,11180.9,588.5699999999997,0.5126601131963062,109.44847543703627
0d99f8e4,7522,1699,5823,0.7741292209518745,10649.92,11203.73,553.8099999999995,0.5058495081095453,83.85728595454522
0dc5e64d,6191,1312,4879,0.7880794701986755,10348.58,10915.05,566.4699999999993,0.011145210789856244,71.3263113739069
0dc835f3,5279,851,4428,0.8387952263686305,10437.3,10694.58,257.28000000000065,0.035991665088084865,47.66623552349785
0dd99dc5,9182,1840,7342,0.7996079285558702,11765.77,12601.48,835.7099999999991,0.4708124591592246,79.59618616521183
0e5e560d,4896,1643,3253,0.6644199346405228,10218.990000000002,11029.34,810.3499999999985,0.2465277777777778,123.38250251598876
109d9d70,5851,1636,4215,0.7203896769782943,11590.81,12250.89,660.0799999999999,0.3717313279781234,83.3492002591736
10a1281a,7353,1744,5609,0.7628178974568204,10431.22,11265.570000000002,834.3500000000022,0.047599619203046374,88.78719947587972
10b89021,7166,1752,5414,0.7555121406642479,11311.08,12161.18,850.1000000000004,0.5060005581914597,77.6907884128013
10be2420,5203,1932,3271,0.628675763982318,9970.88,10824.63,853.75,0.4687680184508937,93.12049724779783
113011eb,4561,1289,3272,0.7173865380399035,12163.79,12548.58,384.78999999999905,0.47796535847401883,87.567661800658
1131525f,5548,1389,4159,0.7496395097332372,10764.52,11313.4,548.8799999999992,0.31542898341744774,96.75491864689181
11d0f5ac,6378,1495,4883,0.7656005017246785,10396.33,10945.1,548.7700000000004,0.3731577296958294,85.05146332289891
12203f2a,4991,1730,3261,0.6533760769384893,11224.52,12032.5,807.9799999999996,0.2592666800240433,81.52253431062839
122bd617,6408,1838,4570,0.7131710362047441,9795.14,10835.84,1040.7000000000007,0.2933832709113608,88.9239847469181
125be846,8033,1523,6510,0.8104070708328146,10894.61,11470.87,576.2600000000002,0.2412548238516121,80.90547026792414
1285a37b,7403,1806,5597,0.7560448466837768,11880.83,12760.31,879.4799999999996,0.038362825881399436,87.72837873973931
1295a25b,7037,1486,5551,0.7888304675287765,11216.43,11771.84,555.4099999999999,0.4102600540002842,84.27918469817952
12f0cd90,7431,1484,5947,0.8002960570582694,10854.83,11406.14,551.3099999999995,0.25999192571659263,91.51872126391679
137d1e44,6313,1759,4554,0.7213686044669729,11887.070000000002,12792.81,905.739999999998,0.4365594804371931,83.3236140147957
13ce113d,4875,1909,2966,0.6084102564102564,10284.0,11195.79,911.7900000000009,0.18892307692307692,88.95064416193017
13f598d9,8934,1628,7306,0.817774792925901,11871.070000000002,12544.53,673.4599999999991,0.5341392433400493,86.72034049226129
14a53cb3,8780,1861,6919,0.7880410022779043,10384.42,11200.97,816.5499999999993,0.12938496583143508,126.18386049192516
14ab73fb,5279,1630,3649,0.6912293995074825,10652.3,11312.62,660.3200000000015,0.4004546315590074,96.17692176582155
14ad5efb,7352,1510,5842,0.794613710554951,10850.09,11413.59,563.5,0.17328618063112078,91.18465069119513
14fee784,6406,1496,4910,0.7664689353730877,10343.29,10897.9,554.6099999999988,0.5519825163908836,79.32488137291553
153552f5,6498,1803,4695,0.7225300092336103,11322.13,12091.11,768.9800000000014,0.1875961834410588,50.154665492841
1550491d,5929,1366,4563,0.7696070163602631,10952.23,11383.94,431.71000000000095,0.038117726429414744,95.17842972603852
155887bb,7062,1477,5585,0.7908524497309544,11318.79,12321.1,1002.3099999999995,0.24936278674596432,93.52793456622777
1590af81,5231,1432,3799,0.7262473714394954,10995.25,11457.62,462.3700000000008,0.17300707321735806,82.08055866685496
15e154a1,7699,1631,6068,0.788154305753994,10222.41,10965.7,743.2900000000009,0.47811404078451747,91.17826469110602
1619e2ca,6002,1559,4443,0.7402532489170277,10777.41,11473.490000000002,696.0800000000017,0.3608797067644119,82.43851314610696
16e4a047,5684,1553,4131,0.7267769176636172,11154.66,12018.4,863.7399999999998,0.5520760028149191,89.04784342076155
173ed841,6530,1647,4883,0.7477794793261868,11972.59,12763.96,791.369999999999,0.36049004594180706,87.48973782095835
1770d7c6,9121,1881,7240,0.7937726126521215,11784.08,12599.15,815.0699999999997,0.0449512114899682,78.42534375852969
177622d7,4699,1545,3154,0.6712066397105767,11745.83,12296.02,550.1900000000005,0.4732921898276229,91.01473080051312
18d24f7b,6260,1702,4558,0.728115015974441,10554.77,11213.23,658.4599999999991,0.12124600638977635,81.80558935324918
19137a89,7958,1691,6267,0.7875094244785122,10349.41,11082.56,733.1499999999996,0.0816788137723046,124.39725085242524
1944513c,6599,1877,4722,0.7155629640854675,10433.02,11333.2,900.1800000000003,0.07622367025306864,78.26458144325807
197f8a5a,8248,1938,6310,0.7650339476236664,10045.1,10996.44,951.3400000000001,0.5179437439379243,110.62121763855085
19871e7f,7152,1859,5293,0.7400727069351231,11723.09,12563.17,840.0799999999999,0.141079418344519,88.35991745166723
198a5607,8094,1843,6251,0.7723004694835681,10330.96,11182.62,851.6600000000017,0.24956758092414133,113.47181812247695
19fb4f7b,7923,2303,5620,0.7093272750220876,11663.9,12789.34,1125.4400000000005,0.03786444528587656,77.72182812609137
1a518997,6544,1938,4606,0.7038508557457213,10429.25,11215.37,786.1200000000008,0.36644254278728605,75.13638271903889
1a68190b,6502,2028,4474,0.6880959704706244,11965.5,12823.96,858.4599999999991,0.2363888034450938,77.84973002063583
1a730ac2,6049,1444,4605,0.7612828566705241,10969.14,11417.12,447.9800000000014,0.29707389651182015,86.17570362492418
1aaf1da0,6321,1517,4804,0.7600063281126404,11158.88,11913.53,754.6500000000015,0.2369878183831672,100.10344102267557
1b08ed48,7175,1557,5618,0.7829965156794425,11543.46,12125.36,581.9000000000015,0.5485714285714286,85.65970689272409
1b1c5372,5792,1531,4261,0.7356698895027625,10327.61,10881.58,553.9699999999993,0.25707872928176795,70.60811395085103
1b1eba53,6710,2055,4655,0.6937406855439643,11793.02,12825.070000000002,1032.050000000001,0.14023845007451566,83.27671658275099
1b6ba517,8611,2014,6597,0.7661131111369179,11172.71,12066.7,893.9900000000016,0.42016026013238883,88.504012246044
1b82b665,5364,1558,3806,0.709545115585384,10126.72,10853.320000000002,726.6000000000022,0.10048471290082028,71.29599797355243
1bcb2fcf,6202,1678,4524,0.7294421154466301,11929.01,12568.8,639.789999999999,0.07255723960012898,88.39206082841314
1beca81d,6650,1614,5036,0.7572932330827068,10759.05,11377.0,617.9500000000007,0.4473684210526316,85.78359257108826
1d3fbf02,4252,1558,2694,0.6335841956726247,11288.85,11767.08,478.22999999999956,0.3306679209783631,81.22812394587689
1d78281a,6810,1861,4949,0.7267254038179148,11918.4,12805.9,887.5,0.19251101321585903,85.78309870260075
1e30dedf,5474,1403,4071,0.7436974789915967,10298.16,10655.44,357.28000000000065,0.4504932407745707,41.17201912434775
1e5e3573,7126,1646,5480,0.7690148751052484,11483.7,12237.97,754.2699999999986,0.5637103564412013,81.01447696782026
1f9afacb,7054,1726,5328,0.755316132690672,11172.070000000002,11958.08,786.0099999999984,0.38857385880351575,72.19457511920822
1fdbba44,6333,1422,4911,0.7754618664140218,12337.28,12816.12,478.84000000000015,0.19358913627033003,80.47190916358997
1fee2b62,6323,1682,4641,0.7339870314724023,11747.1,12524.86,777.7600000000002,0.5546417839633085,82.64705380079448
20096916,6880,1747,5133,0.7460755813953488,11111.23,11917.42,806.1900000000005,0.48372093023255813,109.66186234013028
200d233d,5896,1970,3926,0.6658751696065129,11340.43,12059.31,718.8799999999992,0.06580732700135686,83.27983794034891
201661b5,8136,2181,5955,0.7319321533923304,11048.2,12213.54,1165.3400000000001,0.058751229105211404,78.99431570635429
203721ab,7235,1505,5730,0.7919834139599171,10622.67,11209.59,586.9200000000001,0.20027643400138218,80.29263154065183
20402d71,7930,1558,6372,0.803530895334174,10286.45,10967.51,681.0599999999995,0.012736443883984868,113.77490905271381
2043abc5,8513,1555,6958,0.8173381886526488,10897.61,11452.23,554.619999999999,0.6591095970868084,87.00291464211018
204cc64b,6454,1649,4805,0.7444995351719864,11787.23,12569.320000000002,782.090000000002,0.32816857762627827,60.89501935553864
206b6193,8568,2033,6535,0.7627217553688141,10719.490000000002,11472.14,752.6499999999978,0.03699813258636788,88.20529978400582
2075c696,5580,2392,3188,0.571326164874552,10082.98,11222.56,1139.58,0.08225806451612903,83.67911921160895
22c5f93f,6919,1747,5172,0.747506865153924,11045.070000000002,11878.490000000002,833.4200000000001,0.5499349616996676,113.82458575204616
230eaaa3,6451,1761,4690,0.7270190668113471,10515.75,11484.240000000002,968.4900000000016,0.1824523329716323,87.35362269796784
2364716c,6093,1777,4316,0.7083538486788118,10204.01,10995.46,791.4499999999989,0.2773674708682094,90.82178445876445
23b9beb0,8790,1450,7340,0.8350398179749715,10893.58,11403.740000000002,510.1600000000017,0.2111490329920364,80.03822336337225
24d8997e,5188,1746,3442,0.6634541249036238,10473.35,11190.25,716.8999999999996,0.12259059367771781,130.52726394702893
25050f63,7155,1031,6124,0.8559049615653389,10252.06,10977.59,725.5300000000007,0.04570230607966457,117.0880245891858
25939962,6071,1752,4319,0.7114149234063581,11448.27,12274.45,826.1800000000003,0.579805633338824,89.57270123085114
25fd32b3,4546,1661,2885,0.6346238451385834,10672.33,11196.52,524.1900000000005,0.22855257369115706,129.5970785373317
261785ee,5512,1866,3646,0.6614658925979681,10336.13,11320.17,984.0400000000009,0.3309143686502177,58.65426524650125
264feceb,7408,1743,5665,0.7647138228941684,10435.77,11209.35,773.5799999999999,0.041576673866090715,82.3359671021726
26623a50,7479,1744,5735,0.7668137451530953,10575.12,11387.02,811.8999999999996,0.26380532156705444,97.56107221450735
26d3a96a,6465,1744,4721,0.7302397525135345,11871.68,12647.26,775.5799999999999,0.31848414539829856,71.74814851872436
272abef3,5682,1547,4135,0.7277367124252024,10855.88,11455.98,600.1000000000004,0.04611052446321718,97.26257219818383
27300fd5,7386,1919,5467,0.74018413214189,11794.58,12587.45,792.8700000000008,0.033712428919577576,52.14230049680206
276b012a,6291,1454,4837,0.7688761723096487,11965.77,12454.93,489.15999999999985,0.14751231918613894,62.12627409277828
27c3155b,6941,1983,4958,0.7143062959227777,11737.42,12757.37,1019.9500000000007,0.03342457859098113,72.18560108178809
27ebb9b9,7651,1885,5766,0.7536269768657692,11120.89,11955.02,834.130000000001,0.19278525682917266,69.36140971071441
283269ac,4567,1941,2626,0.5749945259470112,10534.55,11452.75,918.2000000000007,0.585942631924677,82.09755828996886
28473855,6620,2330,4290,0.648036253776435,9864.490000000002,10998.22,1133.7299999999977,0.030362537764350453,91.46771966685037
28f4eda9,6824,1558,5266,0.7716881594372802,10544.87,10953.31,408.4399999999987,0.22098475967174677,107.22711296408525
29b24409,7417,1830,5587,0.75326951597681,10464.39,11221.92,757.5300000000007,0.5614129702035864,81.53741638505156
29de15c8,5164,1733,3431,0.6644074360960496,11348.15,11992.54,644.3900000000012,0.04124709527498063,81.26854083899377
2ab29395,3325,1473,1852,0.5569924812030075,11853.56,12216.21,362.64999999999964,0.29834586466165414,92.25647323329602
2ac7cb6b,6451,1461,4990,0.7735234847310495,10349.29,10899.91,550.619999999999,0.04154394667493412,84.67017348196548
2acc78d4,6109,1843,4266,0.6983139630054018,11085.6,11890.83,805.2299999999996,0.5982975937141922,110.43809275667991
2b034622,6761,1558,5203,0.7695607158704334,9467.05,10072.18,605.130000000001,0.27303653305724007,85.40875358369324
2b06ad65,5706,1450,4256,0.745881528215913,11448.94,11960.62,511.6800000000003,0.04100946372239748,68.15142672159804
2b547943,5131,1651,3480,0.678230364451374,11478.63,12226.18,747.5500000000011,0.3172870785421945,91.87128878271328
2be5c96a,5753,1543,4210,0.7317921084651486,11192.78,11808.570000000002,615.7900000000009,0.7297062402224926,82.30594846391918
2bff06cf,9174,1550,7624,0.8310442555046872,10160.0,11048.66,888.6599999999999,0.47569217353390014,76.28794226904584
2c0c4a4e,6719,1929,4790,0.7129037059086174,10211.19,10981.41,770.2199999999993,0.05223991665426403,105.04572503361085
2cee0cba,7335,1835,5500,0.7498295841854125,10463.67,11246.740000000002,783.0700000000015,0.4274028629856851,87.44390793290646
2d0c268a,6289,1739,4550,0.7234854507870886,10541.83,11335.92,794.0900000000001,0.2606137700747337,75.2077884959471
2d179ded,9225,2217,7008,0.7596747967479675,9719.41,10715.19,995.7800000000007,0.4197289972899729,80.03268348374255
2d196986,8316,1842,6474,0.7784992784992785,10426.18,11209.96,783.7799999999988,0.012025012025012025,125.21183425010365
2d2d0c6b,6967,1922,5045,0.7241280321515717,10404.27,11199.26,794.9899999999998,0.6052820439213434,122.09267269120187
2d35f86d,6628,1732,4896,0.7386843693421846,11191.34,11893.88,702.539999999999,0.2420036210018105,113.75528461102084
2d9f6cb9,8627,1289,7338,0.8505853715080561,12200.01,12540.86,340.85000000000036,0.03836791468644952,86.07296375770372
2ddad940,6812,1481,5331,0.7825895478567234,11108.76,11713.52,604.7600000000002,0.15560775102759836,88.92436304309896
2e29e833,7254,1826,5428,0.7482768127929418,11343.75,12159.46,815.7099999999991,0.043010752688172046,66.37960460490778
2e43c2ea,7349,1651,5698,0.7753435841611104,10445.94,11203.31,757.369999999999,0.33433120152401685,124.3177766688088
2e63d9de,6505,1806,4699,0.7223674096848578,11743.54,12554.21,810.6699999999983,0.1481936971560338,96.48251866946396
2ee0235b,7256,1700,5556,0.7657111356119074,10454.83,11193.43,738.6000000000004,0.11273428886438809,83.41008749320983
2f19d536,4744,1656,3088,0.6509274873524452,11732.93,12282.29,549.3600000000006,0.30649241146711637,89.52145106737957
2f8e53c3,4133,1539,2594,0.6276312605855311,11409.78,11956.2,546.4200000000001,0.3520445197193322,68.95112772675627
2fa01aa6,3860,1686,2174,0.5632124352331607,11948.71,12736.570000000002,787.8600000000024,0.26709844559585494,87.18399236875935
2fd68f7b,6381,1651,4730,0.7412631249020529,10078.54,10885.76,807.2199999999993,0.5626077417332707,71.4103273116862
2fe023be,6060,1839,4221,0.6965346534653465,10566.3,11461.96,895.6599999999999,0.4127062706270627,84.57805867639661
30d75030,5009,1605,3404,0.6795767618287083,10310.21,10893.27,583.0600000000013,0.17448592533439808,89.16318217541225
310c71a5,6988,1743,5245,0.7505724098454494,10401.06,11202.23,801.1700000000001,0.13480251860332,82.09799906904715
32fe84c9,8163,1755,6408,0.7850055126791621,11430.93,12133.01,702.0799999999999,0.14737228959941198,89.86380854876923
33c40295,5989,1820,4169,0.6961095341459342,10616.48,11417.740000000002,801.260000000002,0.07430288862915345,92.89932622785474
3407f5bf,5309,1671,3638,0.6852514597852702,10393.87,11025.52,631.6499999999996,0.40723300056507816,76.29872110834118
3417285d,7458,2009,5449,0.7306248323947439,11137.85,12210.62,1072.7700000000004,0.08031643872351837,69.05702461154847
347242c8,5437,1842,3595,0.6612102262276991,11252.85,12047.18,794.3299999999999,0.04837226411624057,78.21725430439072
353e5502,7901,1839,6062,0.7672446525756234,10353.06,11201.09,848.0300000000007,0.15415770155676498,109.08483091416363
357c12f9,5770,1691,4079,0.7069324090121317,9808.64,10797.95,989.3100000000013,0.11091854419410745,76.2904719127235
3584a6eb,6150,1656,4494,0.7307317073170732,11463.46,12224.01,760.5500000000011,0.17560975609756097,94.1100571221923
35b30c7f,11270,1691,9579,0.8499556344276841,10354.33,11005.45,651.1200000000008,0.4256433007985803,88.67843858665866
35b3ef6a,5736,1832,3904,0.6806136680613668,10145.51,10799.36,653.8500000000004,0.3568688981868898,83.0488529285585
367456ce,7312,1743,5569,0.7616247264770241,10171.46,10893.35,721.8900000000012,0.34463894967177244,94.49422182859507
368131f9,6568,1577,4991,0.7598964677222899,11387.7,11914.56,526.8599999999988,0.6073386114494519,110.65639491934132
368fe682,6416,1480,4936,0.7693266832917706,10753.59,11304.63,551.039999999999,0.036471321695760596,91.46629470376683
3690a146,5761,1688,4073,0.7069953133136608,10396.56,11209.41,812.8500000000004,0.16663773650407915,81.85788759372214
37344c2a,6943,1746,5197,0.748523692928129,10311.97,11052.94,740.9700000000012,0.14071726919199193,75.09303746178759
373ef48b,4992,1483,3509,0.7029246794871795,10628.490000000002,11194.17,565.6799999999985,0.39042467948717946,78.01615460738383
374be387,11802,1837,9965,0.8443484155227927,9880.94,10721.320000000002,840.380000000001,0.5909167937637688,75.9112191871482
37d36812,6017,1650,4367,0.7257769652650823,11502.47,12243.55,741.0799999999999,0.2273558251620409,88.51123412812382
38991fd4,6545,1747,4798,0.7330786860198625,10392.78,11221.52,828.7399999999998,0.25729564553093964,79.4090555143719
389ae58f,8201,1738,6463,0.7880746250457261,10898.46,11775.87,877.4100000000017,0.1865626143153274,87.22197098589953
3932faa6,7388,1936,5452,0.7379534380075798,11084.64,12058.92,974.2800000000007,0.2908770979967515,85.95246133956533
398dce4b,5005,1839,3166,0.6325674325674325,10004.59,10834.02,829.4300000000003,0.44255744255744256,87.6488910271191
39b51819,6382,2151,4231,0.6629583202757756,10266.91,10991.990000000002,725.0800000000017,0.5299279222814165,91.57647943895039
3a0af893,4580,1653,2927,0.6390829694323145,11716.0,12216.83,500.8299999999999,0.48951965065502184,78.97969214746392
3a223519,6581,1998,4583,0.6963987235982374,11877.58,12822.85,945.2700000000004,0.12262574076888011,72.63971051264791
3a7dd95d,4320,1248,3072,0.7111111111111111,11452.31,11901.73,449.4200000000001,0.4289351851851852,83.80176617466698
3a824aa7,5678,1477,4201,0.7398731947868968,11671.45,12214.67,543.2199999999993,0.46724198661500527,96.56967867342117
3a86fe8d,6572,1454,5118,0.7787583688374924,10905.0,11487.2,582.2000000000007,0.4505477784540475,83.89093452044084
3aaa2b30,6396,1685,4711,0.7365540963101939,10333.81,10915.86,582.0500000000011,0.2795497185741088,86.97018404018218
3ac16ad0,7412,1763,5649,0.7621424716675661,10184.63,10985.26,800.630000000001,0.24919050188882894,113.01194534772632
3b21ea64,9103,1727,7376,0.8102823245084039,11704.75,12439.7,734.9500000000007,0.054817093265956275,49.61106884433647
3bbe1f5d,8184,1266,6918,0.8453079178885631,10457.75,11210.68,752.9300000000003,0.4051808406647116,83.10427332231737
3bfee975,5088,1485,3603,0.7081367924528302,11697.41,12178.58,481.1700000000001,0.5780267295597484,70.08553616738568
3c3dbcbc,6911,1842,5069,0.7334683837360729,11051.240000000002,11877.65,826.409999999998,0.5324844450875416,110.30729747269254
3d96d897,7147,1488,5659,0.7918007555617742,10635.15,11207.28,572.130000000001,0.06688120889883867,83.62086179377003
3df4b19e,6658,1670,4988,0.7491739261039351,10634.740000000002,11388.27,753.5299999999988,0.2805647341544007,97.90510274940968
3e011332,4842,2119,2723,0.5623709211069806,10352.31,11463.240000000002,1110.930000000002,0.01900041305245766,91.13856464713042
3e678ea7,8737,1879,6858,0.7849376216092481,11854.46,12551.13,696.6700000000001,0.3858303765594598,84.649854100445
3ef6372a,6666,1939,4727,0.7091209120912091,10548.11,11425.18,877.0699999999997,0.03885388538853885,93.29621177894421
3ef98781,5343,1451,3892,0.728429721130451,11493.91,11969.85,475.9400000000005,0.039303761931499155,67.19514149513941
3f603129,6599,1548,5051,0.7654190028792242,10462.52,11018.37,555.8500000000004,0.3009546901045613,116.63889182977758
404c4384,2612,1701,911,0.3487748851454824,10083.09,10819.35,736.2600000000002,0.19716692189892804,92.15457656385276
4121c517,5471,1748,3723,0.6804971668799122,10078.56,10968.04,889.4800000000014,0.32791080241272164,103.7644109647295
41fb0192,4381,1408,2973,0.6786121889979456,12136.78,12601.66,464.8799999999992,0.05866240584341475,69.98987590163642
42669188,6080,1798,4282,0.7042763157894737,10807.0,11624.16,817.1599999999999,0.07467105263157894,56.43870519462323
42c538a1,4762,1483,3279,0.6885762284754305,10836.87,11318.81,481.9399999999987,0.2251154976900462,91.37909467651502
43b06c70,6590,1744,4846,0.7353566009104704,11120.93,11919.85,798.9200000000001,0.1535660091047041,102.62081940047676
43c7f85a,7484,1506,5978,0.7987707108498129,10419.02,10978.5,559.4799999999996,0.4877071084981293,115.36371794179193
43e16325,5845,2125,3720,0.6364414029084687,9949.65,11036.23,1086.58,0.1769033361847733,77.5172756961658
44441e54,5568,1211,4357,0.782507183908046,11550.85,11976.91,426.0599999999995,0.35955459770114945,62.3699261073346
445af6c2,7998,1957,6041,0.7553138284571143,10310.51,11225.990000000002,915.4800000000014,0.14591147786946737,78.68755920983409
4463446c,4729,1473,3256,0.6885176570099387,10125.76,10542.53,416.77000000000044,0.18841192641150348,87.01937500741556
44a94013,6492,1589,4903,0.7552372150338879,10422.66,10953.08,530.4200000000001,0.24229821318545902,81.82775079842627
45fb3e21,5626,1977,3649,0.6485958051901884,10516.240000000002,11477.1,960.8599999999988,0.47724848915748314,81.96170123012594
460f859e,4982,1646,3336,0.6696105981533521,10560.39,11244.820000000002,684.4300000000021,0.572059413890004,124.74882852563881
4630ab92,5307,1934,3373,0.635575654795553,11064.4,12027.45,963.0500000000011,0.24571320896928586,91.89064558468375
463c38f2,6048,1588,4460,0.7374338624338624,10730.92,11195.45,464.53000000000065,0.20601851851851852,86.92739100443045
4654e7de,7010,1637,5373,0.7664764621968616,10620.98,11234.02,613.0400000000009,0.04935805991440799,80.0778606543213
466fc788,7767,1570,6197,0.7978627526715592,11141.52,12024.490000000002,882.9700000000012,0.4551306810866486,94.54696909024248
46a301e9,9962,1736,8226,0.8257378036538847,10257.71,10974.4,716.6900000000005,0.43977113029512144,65.77659576904423
46a7190b,5646,1431,4215,0.7465462274176408,11973.95,12517.06,543.1099999999988,0.35476443499822885,90.43164469498907
46d24a09,6123,1674,4449,0.7266046055854973,12162.28,12779.66,617.3799999999992,0.20088192062714355,82.45765406601674
46d41ff6,9226,1325,7901,0.8563841318014307,11682.29,12078.86,396.5699999999997,0.307175373943204,95.10705896431669
46dfcfca,4921,1315,3606,0.7327778906726276,12030.06,12526.15,496.09000000000015,0.46047551310709206,88.92466219742353
47222616,5835,1429,4406,0.7550985432733505,11775.81,12224.91,449.10000000000036,0.16606683804627248,89.35935047317275
47ee27ab,8274,1877,6397,0.7731447909112884,10512.36,11383.6,871.2399999999998,0.1752477640802514,64.71709203332723
481de5fc,7694,1742,5952,0.7735898102417468,11278.79,12074.04,795.25,0.34325448401351705,82.55558826187048
48c1f673,4666,1749,2917,0.6251607372481783,9975.04,10881.91,906.869999999999,0.07801114444920702,70.80717055618813
4936af16,5559,1568,3991,0.717934880374168,10294.1,10873.35,579.25,0.5137614678899083,87.20340503728944
493b5b31,6884,2213,4671,0.6785299244625218,11672.990000000002,12720.46,1047.4699999999975,0.0421266705403835,59.40128278671878
49dbc14c,5198,1326,3872,0.7449018853405156,10727.95,11208.09,480.1399999999994,0.6098499422854944,116.61318500326182
4a035ec2,4522,1934,2588,0.572313135780628,11795.22,12615.11,819.8900000000012,0.08867757629367537,76.26458011231833
4a335117,6727,1712,5015,0.7455031960755166,10144.21,11237.240000000002,1093.0300000000025,0.267727070016352,117.47266041648946
4a8ecc0b,7374,1565,5809,0.7877678329264985,11016.75,11889.01,872.2600000000002,0.018307567127746133,111.5484167844514
4b462989,4738,1632,3106,0.6555508653440271,10285.43,10982.94,697.5100000000002,0.3676656817222457,75.56335324716096
4b831d20,9433,2121,7312,0.7751510654086717,11380.6,12565.66,1185.0599999999995,0.03699777377292484,86.58730180326174
4c2208f5,7248,1864,5384,0.7428256070640177,11914.89,12722.77,807.880000000001,0.03780353200883002,67.34534486210853
4c3168cf,5959,1625,4334,0.7273032387984562,11335.04,12010.69,675.6499999999996,0.212116126866924,90.55257425194124
4c3df468,6903,1511,5392,0.7811096624655947,10466.61,10978.56,511.9499999999989,0.48442706069824715,110.41914442479424
4caa7289,6854,1458,5396,0.787277502188503,10692.01,11208.25,516.2399999999998,0.5621534870148818,80.50327688441858
4cd1ac61,6709,2220,4489,0.6691012073334327,10886.34,11876.44,990.1000000000004,0.10866000894321061,114.58673846889415
4cecf7b3,7676,1657,6019,0.7841323606044815,11504.09,12068.56,564.4699999999993,0.45544554455445546,82.57591368401624
4ddde4c1,6417,1945,4472,0.6968988623967586,10042.84,10967.34,924.5,0.06887953872526102,111.03242354632846
4e050c92,5236,1531,3705,0.7076012223071046,11504.78,12051.3,546.5199999999986,0.17303284950343775,89.6337371005358
4ed93db6,6496,1839,4657,0.7169027093596059,10496.88,11384.63,887.75,0.03940886699507389,99.42210258790281
4f3eb9e9,5911,1214,4697,0.7946201996278126,11140.42,11404.12,263.7000000000007,0.05599729318220267,91.11292572109757
4f4ac5ce,6899,1737,5162,0.7482243803449775,10556.01,11211.33,655.3199999999997,0.5616756051601681,89.85299772434942
4f4afcc6,7184,1539,5645,0.7857739420935412,10617.93,11198.09,580.1599999999999,0.066815144766147,80.80942950506453
4f69febf,7599,2139,5460,0.718515594157126,9828.42,10963.63,1135.2099999999991,0.03237268061587051,118.09166715319304
4fbe9c06,7938,1651,6287,0.7920131015369111,10473.18,11213.45,740.2700000000004,0.5982615268329554,80.73689469111947
504c8b08,8012,1645,6367,0.794682975536695,10386.37,11225.47,839.0999999999985,0.18459810284573142,121.81314250047001
511e1db0,5645,1824,3821,0.6768821966341896,10488.73,11203.89,715.1599999999999,0.06341895482728079,96.55655377757033
512943b2,6681,1652,5029,0.7527316270019458,10607.19,11365.15,757.9599999999991,0.7284837599161802,101.43665112375106
5138a660,4829,1270,3559,0.7370055912197142,11635.18,12067.51,432.3299999999999,0.38496583143507973,79.65116899159204
516088b7,8300,1655,6645,0.8006024096385542,10736.7,11478.56,741.8599999999988,0.5457831325301205,80.38824154175738
521a7819,7224,2024,5200,0.7198228128460686,10335.77,11229.79,894.0200000000004,0.14562569213732005,80.34871960275304
5254b6db,5115,1841,3274,0.640078201368524,11232.21,12052.36,820.1500000000015,0.2129032258064516,96.63503723327321
529e88ca,5253,1836,3417,0.6504854368932039,10155.92,11032.5,876.5799999999999,0.5000951837045498,120.79882765611914
52f1e77a,6053,1611,4442,0.7338509829836445,11530.53,12047.25,516.7199999999993,0.06063109202048571,76.07012861623375
5305524b,6457,1559,4898,0.7585566052346291,10455.29,10975.83,520.539999999999,0.3256930463063342,88.59520363099564
53134831,7214,2088,5126,0.7105627945661215,11290.4,12212.46,922.0599999999995,0.5357637926254505,83.37459676349745
5397ceb1,6811,1556,5255,0.7715460284833358,10842.46,11433.070000000002,590.6100000000024,0.07957715460284834,90.11205185168278
53f23031,10200,1650,8550,0.8382352941176471,10693.22,11413.39,720.1700000000001,0.035,81.67622587089583
543198e8,8311,1808,6503,0.782456984719047,10152.62,11020.64,868.0199999999986,0.26988328720972204,76.85930138691282
54753541,5679,1653,4026,0.7089276281035394,10269.13,10826.28,557.1500000000015,0.2674766684275401,82.15130653903324
54a7e3c2,7893,1738,6155,0.7798048904092234,10519.92,11176.88,656.9599999999991,0.30964145445331304,114.09195201471965
5542c301,5433,1842,3591,0.6609607951408062,10090.83,10996.4,905.5699999999997,0.45775814467145226,79.93529776793468
5567d551,8390,1501,6889,0.8210965435041716,10881.86,11429.83,547.9699999999993,0.6386174016686531,84.3807992340287
55efee7f,6577,1776,4801,0.7299680705488825,10403.5,11245.03,841.5300000000007,0.05732096700623385,78.93767045900258
5663b2b7,6907,1935,4972,0.7198494281164036,11130.5,12071.36,940.8600000000006,0.14579412190531346,83.43750553269786
5693dde2,4846,1358,3488,0.7197688815517953,11757.19,12251.38,494.1899999999987,0.5208419314898886,77.33219656807483
56b00794,7293,1228,6065,0.8316193610311258,10585.55,11032.27,446.72000000000116,0.4427533251062663,74.55472792308178
57796579,7622,1732,5890,0.7727630543164524,10342.23,11214.97,872.7399999999998,0.06468118604040934,80.62424030549187
577eec7c,6085,1546,4539,0.7459326211996713,9425.83,10094.35,668.5200000000004,0.30829909613804435,79.97473246746486
57f05c51,6478,1707,4771,0.7364927446742822,11799.51,12727.97,928.4599999999991,0.05896881753627663,61.70944795692506
58850d2c,6918,1923,4995,0.7220294882914137,11727.36,12537.14,809.7799999999988,0.02023706273489448,105.1785195642434
58fa8486,6126,1651,4475,0.7304929807378387,11268.94,12058.92,789.9799999999996,0.2660790075089781,88.08415936540325
591cc951,6669,2060,4609,0.6911081121607437,10344.490000000002,11220.12,875.6299999999992,0.038236617183985605,79.56689804935398
593876b6,6366,1524,4842,0.760603204524034,10840.83,11385.9,545.0699999999997,0.040684888469996856,96.23996529770378
59f8b2e8,5668,1921,3747,0.6610797459421313,10800.33,11521.1,720.7700000000004,0.323923782639379,72.7224202131369
5a1a8fd8,6814,1554,5260,0.771940123275609,11349.13,12027.14,678.0100000000002,0.4913413560316994,87.77424776790792
5a5269a9,8053,1540,6513,0.8087669191605613,10838.75,11416.28,577.5300000000007,0.4485284986961381,88.48654108872528
5a5d1982,5446,1552,3894,0.7150201983106867,10509.58,11213.88,704.2999999999993,0.2855306647080426,77.41372795402086
5a63b5d1,8052,1835,6217,0.7721063089915549,10757.03,11513.25,756.2199999999993,0.5327868852459017,79.40665604819422
5aa03df7,6752,1881,4871,0.7214158767772512,10385.42,11358.92,973.5,0.28125,91.02767132637152
5aa403d0,4702,1584,3118,0.6631220757124627,10307.01,10991.01,684.0,0.5370055295618885,75.27747184619035
5aef5c6c,4853,1732,3121,0.6431073562744694,10553.83,11335.21,781.3799999999992,0.6181743251596951,86.60343591460862
5b7b6324,8197,1633,6564,0.8007807734537026,12026.58,12555.81,529.2299999999996,0.5292180065877761,80.69876379573024
5bd25f59,6120,1910,4210,0.6879084967320261,9836.96,10805.7,968.7400000000016,0.02712418300653595,70.43671628660961
5beded95,4779,1722,3057,0.6396735718769617,10654.67,11412.89,758.2199999999993,0.5436283741368487,84.33494521082685
5cb483ac,5206,1354,3852,0.7399154821359969,11524.570000000002,12010.59,486.0199999999986,0.10910487898578564,91.2472406565446
5cdd8dbc,5751,1741,4010,0.6972700399930447,10484.9,11226.44,741.5400000000009,0.37263084680925057,124.44705679520342
5d11dfb5,7643,1748,5895,0.7712939945047756,11395.990000000002,12241.4,845.409999999998,0.43373021065026823,90.75909415808543
5d7198fd,4797,1429,3368,0.7021054825932874,11984.38,12248.28,263.90000000000146,0.04210965186574943,81.0612016440597
5def1ce5,7997,1554,6443,0.8056771289233463,10621.05,11200.01,578.960000000001,0.028010503938977117,79.470807435272
5eae34a8,6652,1748,4904,0.7372218881539386,10182.15,10911.08,728.9300000000003,0.4555021046301864,84.10453573108211
5f4d2a52,7112,1887,5225,0.734673790776153,10070.48,10959.12,888.6400000000012,0.18250843644544432,91.94730959651064
5f6756c5,8064,2133,5931,0.7354910714285714,11252.23,12238.22,985.9899999999998,0.0339781746031746,87.8824568666737
5f75f796,7324,1762,5562,0.7594210813762972,11912.48,12791.35,878.8700000000008,0.440606226105953,77.4406479833911
5fb1c15f,4857,1997,2860,0.588840848260243,10209.59,11035.320000000002,825.7300000000014,0.4698373481572987,82.7363662323627
5fffa282,6223,2022,4201,0.6750763297444963,10528.54,11438.39,909.8499999999985,0.09127430499758958,89.29823992661389
60e37807,4641,1942,2699,0.5815556992027581,10502.29,11465.15,962.8599999999988,0.023270846800258566,87.08743077138412
61f27424,8341,2121,6220,0.7457139431722815,11031.88,12151.05,1119.17,0.08248411461455461,73.10880039233676
62569ae3,5242,1654,3588,0.6844715757344525,11282.65,11957.06,674.4099999999999,0.26936283861121707,66.14062586855525
62a6f539,5253,1560,3693,0.703026841804683,10549.13,11204.73,655.6000000000004,0.6244051018465638,121.23129150287299
633774dc,7972,1739,6233,0.7818615153035625,10388.67,11184.86,796.1900000000005,0.3345459106874059,112.00780046570515
63559d57,5810,1741,4069,0.7003442340791738,11481.820000000002,12149.61,667.789999999999,0.5716006884681584,63.08836326356839
647f2a41,5836,1955,3881,0.6650102810143934,11021.570000000002,11901.86,880.289999999999,0.30945853324194655,100.99713605259467
65156b96,5046,1825,3221,0.6383273880301229,10227.04,11056.320000000002,829.2800000000007,0.04855330955212049,71.9127782252442
653612bc,5946,1341,4605,0.7744702320887992,11535.66,11965.28,429.6200000000008,0.038681466532122434,60.821997483590735
656a067b,4896,1845,3051,0.6231617647058824,10165.1,11041.2,876.1000000000004,0.19178921568627452,118.49144441656846
65a5466a,6117,1434,4683,0.7655713585090731,10328.45,10871.77,543.3199999999997,0.24701651136177866,70.00209558165156
660d9546,6140,1408,4732,0.7706840390879479,11566.15,12012.79,446.64000000000124,0.18697068403908795,83.05290611409785
6767c111,8354,1571,6783,0.8119463729949725,10354.84,11079.820000000002,724.9800000000014,0.4861144361982284,114.69279705840711
67847288,9174,1745,7429,0.8097885328101155,11768.42,12542.05,773.6299999999992,0.4654458251580554,84.71658080298967
67a8da4a,6645,1734,4911,0.7390519187358916,11941.87,12692.63,750.7599999999984,0.17351392024078255,90.43378529712932
684a6fc1,11449,1631,9818,0.8575421434186392,10222.76,10967.05,744.289999999999,0.49462835182111975,92.04476746772352
698930d1,6498,1757,4741,0.7296091104955371,10188.19,11059.85,871.6599999999999,0.1180363188673438,120.8276686258948
699ea575,5474,1354,4120,0.752648885641213,11536.42,12010.77,474.35000000000036,0.4238217025940811,87.01441811934559
69c1bdad,4645,1931,2714,0.5842841765339074,10679.47,11435.45,755.9800000000014,0.37007534983853607,84.26378484835256
69e41fa6,7167,1395,5772,0.8053578903306823,11563.78,12055.75,491.96999999999935,0.40449281428770756,70.06186431818404
6a0ff78e,7890,1425,6465,0.8193916349809885,10701.34,11231.58,530.2399999999998,0.04182509505703422,82.34373541489947
6a8fa194,4657,1640,3017,0.6478419583422804,11311.15,12004.7,693.5500000000011,0.060768735237277216,96.53844499368874
6ae68655,5948,1744,4204,0.7067921990585071,11387.98,12133.59,745.6100000000006,0.1886348352387357,67.64828575907161
6d1d74e1,7316,1486,5830,0.7968835429196283,10528.14,10978.17,450.03000000000065,0.29346637506834333,115.70196705712786
6d590e26,7842,1746,6096,0.7773527161438408,10579.070000000002,11395.89,816.8199999999979,0.30107115531752104,93.94849967965924
6d6d93af,5305,1710,3595,0.6776625824693685,10941.95,11542.75,600.7999999999993,0.40395852968897267,78.65680780984299
6dbe4b60,6673,2025,4648,0.6965382886258055,10619.070000000002,11413.19,794.119999999999,0.46875468305110146,89.9446842226008
6e6d122c,7083,1451,5632,0.795143300861217,11729.03,12285.7,556.6700000000001,0.25808273330509673,82.61465494559914
6e9ccd38,9619,1337,8282,0.8610042623973386,10372.05,10714.42,342.3700000000008,0.03929722424368438,81.8101252951723
6ea22614,7894,1923,5971,0.7563972637446161,9943.52,10877.59,934.0699999999997,0.429566759564226,88.73063055176641
6ede926a,6621,1683,4938,0.7458087902129588,10540.38,11220.31,679.9300000000003,0.34677541156924935,83.03588117610006
708caea9,8482,1934,6548,0.771987738740863,10130.12,11064.740000000002,934.6200000000008,0.19771280358406038,116.57722359245608
70925e23,8072,2125,5947,0.7367443012884044,11723.79,12710.42,986.6299999999992,0.10493062438057482,90.42252841421798
70e1788b,11338,2053,9285,0.8189275004409949,9729.56,10687.4,957.8400000000001,0.040571529370259304,77.88152823906734
71642c7d,6657,2009,4648,0.6982124079915878,11842.8,12846.06,1003.2600000000002,0.22412498122277302,80.54279835169898
71ccf778,4623,1925,2698,0.5836037205277959,11110.77,11989.7,878.9300000000003,0.045208738914125024,88.20717077707019
7224331b,7566,1503,6063,0.8013481363996828,11644.240000000002,12182.2,537.9599999999991,0.6897964578376949,93.61218470386251
722cf0d8,7275,2132,5143,0.7069415807560138,9929.03,10954.29,1025.2600000000002,0.03876288659793815,112.0444263389022
7256229b,6972,1557,5415,0.7766781411359724,10155.56,10911.490000000002,755.9300000000021,0.6462994836488812,87.33826940465734
726f3dc2,8619,1896,6723,0.7800208840932823,10594.28,11446.19,851.9099999999999,0.3556096995011022,86.4287100385626
7271dd80,5765,1425,4340,0.7528187337380746,10108.45,11000.93,892.4799999999996,0.04388551604509974,95.43566358204055
727a3a10,6342,1945,4397,0.6933144118574582,11911.73,12763.92,852.1900000000005,0.2735730053610848,89.02099666567071
729665c0,5775,1512,4263,0.7381818181818182,11293.51,11873.51,580.0,0.4192207792207792,106.79635254741247
729e9750,7427,1508,5919,0.796957048606436,10401.990000000002,10975.55,573.5599999999977,0.5607917059377945,111.39336875012188
729f4217,7592,1397,6195,0.8159905163329821,10745.91,11224.85,478.9400000000005,0.5,84.40012631227937
72dd8501,6928,1735,5193,0.749566974595843,11250.13,12026.64,776.5100000000002,0.48571016166281755,90.63901309733649
73348914,5686,1465,4221,0.7423496306718256,12396.4,12762.13,365.72999999999956,0.2017235314808301,84.70065142728056
739a914f,7319,1814,5505,0.7521519333242246,10480.320000000002,11392.97,912.6499999999978,0.4049733570159858,99.25640705090295
73b1447d,7522,1852,5670,0.7537888859345918,11412.63,12321.54,908.9100000000017,0.3457856952938048,88.54929087800686
74b6186b,5148,1743,3405,0.6614219114219114,9994.59,10811.6,817.0100000000002,0.6142191142191142,94.25520930105982
75c20ec7,7205,1844,5361,0.7440666204024983,11359.35,12238.48,879.1299999999992,0.6283136710617626,91.58450359427978
75cd5f11,6410,1464,4946,0.771606864274571,10625.05,11224.55,599.5,0.2517940717628705,82.12173251514993
75d20a82,7002,1935,5067,0.7236503856041131,11065.12,12071.73,1006.6099999999988,0.1419594401599543,85.31164833918399
76201745,5858,1410,4448,0.7593035165585524,10179.65,10630.38,450.72999999999956,0.4713212700580403,40.82816513029983
764072a5,4594,1645,2949,0.6419242490204615,10470.22,11190.4,720.1800000000003,0.5690030474531999,81.9993480852801
77b0d905,5923,1749,4174,0.7047104507850751,11478.3,12225.55,747.25,0.2277562046260341,90.16059434045326
77e4821c,6540,1147,5393,0.8246177370030581,10687.02,11224.14,537.119999999999,0.5870030581039756,120.45639767064529
7850c72e,7712,2215,5497,0.7127852697095436,11817.75,12893.89,1076.1399999999994,0.044605809128630707,96.9422708719622
78a4a386,6246,1127,5119,0.8195645212936279,11221.54,11380.47,158.92999999999847,0.20765289785462696,64.14562031819649
79507629,7320,2018,5302,0.7243169398907103,11516.81,12560.5,1043.6900000000005,0.12800546448087433,84.44993147638516
796dbd4c,8069,1821,6248,0.7743214772586442,9995.66,10907.17,911.5100000000002,0.37191721402899985,88.18501461967988
7987f2f2,5714,2009,3705,0.6484074203710185,11340.93,12235.41,894.4799999999996,0.44872243612180607,82.41143837236709
7993a768,7047,1560,5487,0.7786292039165602,11439.17,12172.3,733.1299999999992,0.17170427132112956,69.48035682424812
7a5660b0,6936,1938,4998,0.7205882352941176,11839.68,12735.01,895.3299999999999,0.037197231833910036,75.78263577481036
7acda2df,4552,1461,3091,0.6790421792618629,10739.79,11210.77,470.97999999999956,0.11884885764499122,116.99784061105444
7b2c7b3c,4231,1647,2584,0.61073032380052,10882.28,11429.41,547.1299999999992,0.03616166390924131,91.65382693422966
7b38844c,5197,1448,3749,0.7213777179141813,11554.68,12054.47,499.78999999999905,0.11891475851452761,84.92401074168714
7bb17b96,5295,1373,3922,0.7406987724268177,11548.43,12040.35,491.9200000000001,0.4198300283286119,90.80665434758795
7c607683,7001,1673,5328,0.7610341379802885,10348.44,11226.97,878.5299999999988,0.3348093129552921,82.27589334363131
7cbbd047,6790,1669,5121,0.7541973490427099,11277.63,12036.96,759.3299999999999,0.15169366715758467,90.89398336466178
7cd4bb31,7959,1520,6439,0.8090212338233447,10673.67,11206.92,533.25,0.3112200025128785,78.79843739551875
7d50373e,6494,1372,5122,0.7887280566676933,10690.63,11226.8,536.1700000000001,0.253002771789344,81.03230984339791
7d57c75d,6147,1742,4405,0.716609728322759,10083.46,10832.71,749.25,0.08654628273954774,76.1149657620225
7e208414,5732,1506,4226,0.7372644801116539,11526.62,12034.5,507.8799999999992,0.08339148639218423,91.21153493767763
7e721392,8301,2127,6174,0.7437658113480303,10567.14,11516.37,949.2300000000014,0.537043729671124,77.3724219045783
7ff89f8f,9539,2202,7337,0.7691581926826712,9631.19,10709.4,1078.2099999999991,0.20348044868434847,84.6927649511284
8050c789,4940,1863,3077,0.6228744939271255,11448.16,12295.98,847.8199999999997,0.2512145748987854,85.55047606639106
807f0298,5499,1752,3747,0.6813966175668303,10413.4,11061.4,648.0,0.3829787234042553,118.24801293206902
811f52b3,6674,1838,4836,0.7246029367695535,10349.39,11228.17,878.7800000000007,0.06233143542103686,83.9842182576103
81bf5923,6386,1843,4543,0.7113999373629816,11957.64,12788.35,830.710000000001,0.07579079235828375,92.26817134542799
81fc01c6,7655,1746,5909,0.7719137818419334,9969.61,10834.36,864.75,0.164467668190725,91.22676064488566
8255c867,5338,1749,3589,0.672349194454852,10267.36,11193.2,925.8400000000001,0.218433870363432,124.63785992406798
82aab6d2,7889,1749,6140,0.778298897198631,11383.03,12173.55,790.5199999999986,0.3545443021929269,77.79139688941544
82fcf37c,7397,1383,6014,0.8130323103961066,10498.93,10968.62,469.6900000000005,0.5218331756117345,111.24172115056115
833af382,5377,1749,3628,0.6747256834666171,10404.69,11176.0,771.3099999999995,0.2687372140598847,125.60993032657775
8382f4b6,6680,1713,4967,0.743562874251497,10900.71,11427.89,527.1800000000003,0.6019461077844311,93.39690078676209
84633df4,6719,1747,4972,0.7399910700997172,10026.76,10883.27,856.5100000000002,0.525673463312993,89.45411644914059
8478df29,6698,1841,4857,0.7251418333830995,10096.72,10928.93,832.210000000001,0.6107793371155569,88.60878578072138
84815d5a,5286,1639,3647,0.6899356791524782,11061.2,11976.68,915.4799999999996,0.24423004161937192,70.69323485144825
84c3b497,6887,1575,5312,0.7713082619427908,10984.68,11564.05,579.369999999999,0.17366051981995062,68.63839485300578
85380836,8175,1557,6618,0.8095412844036697,10580.45,11218.02,637.5699999999997,0.41590214067278286,84.41551341333161
8612b37f,6807,1642,5165,0.7587777288085794,11245.64,11919.36,673.7200000000012,0.5661818716027619,110.29133443264664
861e71df,6284,1584,4700,0.7479312539783577,10495.53,11398.37,902.8400000000001,0.13192234245703374,103.6546549764199
86454a6f,9100,1136,7964,0.8751648351648351,12057.48,12274.63,217.14999999999964,0.800989010989011,81.95957813595666
8648abae,6086,1842,4244,0.6973381531383503,11095.58,12028.46,932.8799999999992,0.047157410450213606,91.07909749896248
865033f8,5303,1746,3557,0.6707524042994532,10414.46,11202.15,787.6900000000005,0.5725061286064492,126.58461596437584
87695469,8654,1651,7003,0.8092211694014328,9267.54,10109.36,841.8199999999997,0.4276635082042986,74.02699705431935
877ed19c,5631,1923,3708,0.6584976025572722,10578.88,11367.01,788.130000000001,0.2770378263185935,93.6351612528405
87aa3730,7293,1686,5607,0.7688194158782394,10624.09,11224.7,600.6100000000006,0.2155491567256273,79.15175001170212
884ecb5f,8054,1330,6724,0.8348646635212317,10636.75,11213.88,577.1299999999992,0.04122175316612863,81.86517619666296
8902c3f6,6533,1574,4959,0.7590693402724629,10203.31,10784.39,581.0799999999999,0.4610439308127966,83.56500648939887
896d15b9,5698,1419,4279,0.750965250965251,11475.54,11990.84,515.2999999999993,0.6061776061776062,81.58249934102363
8995c945,8198,1474,6724,0.8202000487923884,10274.87,11016.75,741.8799999999992,0.11075872163942425,120.23452635031897
89969c7a,6317,1370,4947,0.78312490106063,10014.97,10922.1,907.130000000001,0.3591894886813361,87.84975044178036
89f1085d,7497,1503,5994,0.7995198079231692,12440.71,12823.52,382.8100000000013,0.31772709083633455,89.7064732292087
89f36adf,7041,1749,5292,0.7515977844056242,11446.98,12242.12,795.1400000000012,0.5557449225962221,82.70632549805586
89fdb2f2,3570,1539,2031,0.5689075630252101,11417.56,11956.73,539.1700000000001,0.44201680672268906,71.2133097160339
8a3da6d1,6334,1741,4593,0.7251341964003789,11190.25,12020.75,830.5,0.40637827597095044,86.61818793554885
8a89da23,5575,1640,3935,0.705829596412556,10562.97,11232.81,669.8400000000001,0.1503139013452915,82.54327229893373
8a9c8932,6344,1681,4663,0.7350252206809584,10773.47,11287.01,513.5400000000009,0.044451450189155105,85.83171949126164
8ac2f237,6775,1456,5319,0.7850922509225092,10821.26,11370.320000000002,549.0600000000013,0.045313653136531365,94.10250182110114
8b12bab6,6980,1746,5234,0.7498567335243553,10990.06,11885.23,895.1700000000001,0.5507163323782235,111.354537315621
8b5be31b,7439,1767,5672,0.7624680736658153,10014.08,10856.1,842.0200000000004,0.5694313751848367,85.58411889547634
8b95d6d1,2783,1052,1731,0.6219906575637801,10271.92,10780.38,508.4599999999991,0.4024434063959756,84.24322597379114
8b9d8326,7832,1669,6163,0.7868998978549541,11565.53,12255.22,689.6899999999987,0.6066138917262512,93.60891740092205
8bb9c1e6,6382,1836,4546,0.7123158884362268,10410.240000000002,11187.68,777.4399999999987,0.1178314008147916,84.46401618863769
8bda1a11,7438,1457,5981,0.8041140091422425,10403.95,10988.76,584.8099999999995,0.5274267276149502,112.83844420881428
8bfa881d,5843,1754,4089,0.699811740544241,11432.56,12235.0,802.4400000000005,0.4220434708197844,87.0663669030447
8c167025,7113,1745,5368,0.7546745395754253,10066.55,10791.33,724.7800000000007,0.13285533530156052,80.57098617086677
8c8348e8,5581,1693,3888,0.6966493459953413,11832.05,12451.21,619.1599999999999,0.26411037448485936,72.43588107653292
8cc21f01,5806,1762,4044,0.6965208405098174,10920.820000000002,11762.95,842.1299999999992,0.3212194281777472,87.6222989104016
8cc800b3,8091,1515,6576,0.8127549128661475,10297.13,10911.96,614.8299999999999,0.041527623285131626,90.71161830866394
8d5d46d7,7282,1527,5755,0.7903048613018402,10576.84,11234.43,657.5900000000001,0.24210381763251854,78.90042607091898
8d92cb49,4839,1250,3589,0.7416821657367224,10980.53,11435.38,454.84999999999854,0.1959082455052697,91.483575862432
8f201368,8151,1802,6349,0.7789228315544106,10428.75,11213.42,784.6700000000001,0.4859526438473807,80.84948401379249
90386ee4,5304,1464,3840,0.7239819004524887,10668.2,11205.8,537.5999999999985,0.44551282051282054,79.08437199801686
91abc4c7,7787,1939,5848,0.7509952484910749,10072.240000000002,10972.27,900.0299999999988,0.5676126878130217,87.76633585399918
91b301ce,8512,1942,6570,0.7718515037593985,10398.56,11050.06,651.5,0.13992011278195488,73.57391460400636
91db7070,5646,1573,4073,0.7213956783563585,11409.990000000002,12091.570000000002,681.5799999999999,0.2947219270279844,91.70972435447817
925a7cd1,6501,1984,4517,0.6948161821258267,11298.59,12096.44,797.8500000000004,0.1601292108906322,49.258595350229065
9283ae69,5118,1747,3371,0.6586557248925361,10213.67,10991.7,778.0300000000007,0.35130910511918717,76.20270362516575
9298ad5b,5807,1843,3964,0.6826244188048907,10404.11,11178.05,773.9399999999987,0.4532460823144481,117.24704767400755
9314ff13,4494,1746,2748,0.6114819759679573,11386.88,11999.37,612.4900000000016,0.03983088562527815,92.29549639013865
93209a3d,6300,1603,4697,0.7455555555555555,11292.53,11890.23,597.6999999999989,0.5346031746031746,112.91853215518111
939d9c34,6627,1526,5101,0.769729892862532,10864.490000000002,11891.93,1027.4399999999987,0.4249283235249736,107.27056809133653
93f5d2e6,5171,1480,3691,0.7137884355057049,10515.2,11038.240000000002,523.0400000000009,0.2949139431444595,68.72614342921824
940a48d9,5627,1664,3963,0.7042829216278657,10090.53,10924.01,833.4799999999996,0.18571174693442333,84.11918157056739
940e709a,4989,1641,3348,0.6710763680096211,10347.04,11045.44,698.3999999999996,0.3433553818400481,74.53415288837037
9426ec1e,3923,1391,2532,0.6454244200866683,11547.34,12019.06,471.71999999999935,0.1363752230435891,86.5241266818313
94467f50,5116,2081,3035,0.593236903831118,9713.31,10778.070000000002,1064.760000000002,0.25449569976544173,88.3269731458786
944f36b9,6035,1405,4630,0.7671913835956918,10355.97,10861.01,505.0400000000009,0.1575807787903894,64.2101280836334
94d813a4,6591,1744,4847,0.7353967531482324,11922.76,12740.58,817.8199999999997,0.26612046730389927,95.5331718450696
95b559e7,4638,1751,2887,0.622466580422596,11180.13,11969.070000000002,788.9400000000023,0.22984044846916774,68.09139648242511
95c8427f,8051,1716,6335,0.7868587753074152,10401.13,11218.61,817.4800000000014,0.1853185939634828,123.85772852054963
96936c22,4997,1651,3346,0.6696017610566339,11387.37,12097.61,710.2399999999998,0.1737042225335201,52.273691386065664
96ae5806,11527,1688,9839,0.8535612041294353,11339.42,12125.4,785.9799999999996,0.552181833955062,80.22132354891113
96b7eea1,6078,1746,4332,0.7127344521224087,10319.75,11142.61,822.8600000000006,0.3761105626850938,123.94066389070959
9719aa04,6665,1794,4871,0.7308327081770443,10157.78,10972.06,814.2799999999988,0.040960240060015,104.0182365137325
974802e7,7537,1694,5843,0.7752421387820088,9454.19,10126.28,672.0900000000001,0.5636194772455885,82.65704409084249
97cd5bf9,5099,1650,3449,0.6764071386546382,10088.84,10840.71,751.869999999999,0.606001176701314,84.66381491915077
98177ced,6789,2017,4772,0.7029017528354692,11703.43,12686.490000000002,983.0600000000013,0.0410958904109589,59.626859417696174
9896fc0b,5109,1514,3595,0.7036602074770014,10383.34,10986.89,603.5499999999993,0.37874339401056956,74.08768769747924
98bc6f66,7720,1657,6063,0.7853626943005181,10215.64,10973.23,757.5900000000001,0.4227979274611399,109.14052204280468
992c99e8,6740,1836,4904,0.7275964391691395,10562.42,11394.47,832.0499999999993,0.3497032640949555,97.07030166716984
992ce078,4661,1782,2879,0.617678609740399,11185.47,12006.43,820.960000000001,0.04119287706500751,89.2999786996456
99529c45,7591,1751,5840,0.76933210380714,10370.73,11162.56,791.8299999999999,0.5368199183243314,90.16781530094974
995ff498,6127,1601,4526,0.7386975681410152,10570.18,11224.21,654.0299999999988,0.5234209237799902,83.70448321620123
999daf80,5439,1875,3564,0.6552675124103695,10466.18,11153.73,687.5499999999993,0.08310351167494025,122.25582783072852
9a6b0392,5802,1547,4255,0.7333678042054464,10010.61,10630.23,619.619999999999,0.48345398138572904,40.97503858982997
9a8ae0d6,7835,1541,6294,0.8033184428844926,11355.97,11964.27,608.3000000000011,0.49725590299936184,63.22056059320097
9a95e33f,8156,1709,6447,0.7904610102991663,10613.2,11506.64,893.4399999999987,0.13376655223148604,83.38799953380209
9ab94eeb,6372,1930,4442,0.697112366603892,10143.36,10991.87,848.5100000000002,0.504708097928437,80.50479067198843
9ad5410a,5749,1544,4205,0.7314315533136198,11431.34,11922.0,490.65999999999985,0.08053574534701688,112.43013348444413
9ae248be,6655,1384,5271,0.7920360631104433,12348.87,12772.08,423.2099999999991,0.2984222389181067,81.32255449464394
9af1ffd0,5454,1929,3525,0.6463146314631463,9987.34,10816.44,829.1000000000004,0.06215621562156216,91.71990690115008
9b5b61c1,7215,1683,5532,0.7667359667359668,10360.52,11147.09,786.5699999999997,0.11143451143451144,119.72476362426494
9b9e3b49,6875,1757,5118,0.7444363636363637,11088.92,11922.4,833.4799999999996,0.5269818181818182,101.26531627554914
9bd2bba3,9092,1653,7439,0.8181918169819622,11706.71,12546.64,839.9300000000003,0.03783545974483062,83.80511415026422
9c211c53,8842,1577,7265,0.8216466862700746,9462.08,10092.69,630.6100000000006,0.47760687627233656,81.33862594329653
9c350a6a,7794,1742,6052,0.7764947395432384,10589.48,11429.29,839.8100000000013,0.4312291506286887,86.91066963382006
9c8375f7,5432,1758,3674,0.6763622974963182,10337.45,11209.46,872.0099999999984,0.2555228276877761,118.1462264620828
9d072e4c,6798,1691,5107,0.7512503677552221,11464.27,12031.55,567.2799999999988,0.1404824948514269,92.20890281072518
9d3ec64c,4937,1457,3480,0.7048815069880494,10089.5,10817.2,727.7000000000007,0.1843224630342313,92.50529723137699
9d4272e3,5771,1741,4030,0.698319182117484,11763.2,12527.12,763.9200000000001,0.5184543406688615,81.0360876920611
9d5e14d4,6565,1165,5400,0.8225437928408226,10236.03,10964.68,728.6499999999996,0.5273419649657274,92.42823292900111
9da441ba,7283,1500,5783,0.7940409172044487,10902.89,11377.97,475.0799999999999,0.21227516133461485,96.2561642061867
9dede370,8057,1760,6297,0.7815564105746555,11364.37,12239.490000000002,875.1200000000008,0.37098175499565594,90.224062707698
9def2eb2,7750,1747,6003,0.7745806451612903,10725.68,11450.35,724.6700000000001,0.11883870967741936,82.38120081483342
9df1b1f9,6444,1743,4701,0.7295158286778398,11130.28,12019.86,889.5799999999999,0.6520794537554314,91.90098562602319
9dfff011,6067,1748,4319,0.7118839624196472,10494.89,11425.740000000002,930.8500000000022,0.3486072193835504,90.87429651259623
9e3e364d,5809,1519,4290,0.7385092098467895,10892.48,11412.27,519.7900000000009,0.5167843002237906,87.92761900711129
9efc812e,6100,1650,4450,0.7295081967213115,10614.97,11188.44,573.4700000000012,0.021475409836065575,85.96592077429052
9f0c7bae,4040,1498,2542,0.6292079207920792,12444.08,12803.68,359.60000000000036,0.27673267326732676,77.27345891734882
9ffce529,6675,1463,5212,0.7808239700374532,11465.3,12062.28,596.9800000000014,0.36179775280898874,88.14300839335544
a0383629,7687,1855,5832,0.7586834916092103,10484.11,11202.21,718.0999999999985,0.5237413815532718,80.40557270368296
a056d01e,8292,1735,6557,0.7907621804148577,10982.63,11748.39,765.7600000000002,0.24493487698986977,87.89070016956869
a08d9e63,5199,1514,3685,0.7087901519522986,10407.4,11025.96,618.5599999999995,0.2229274860550106,75.5719830716368
a0b83014,6873,1838,5035,0.7325767495998836,10460.94,11422.73,961.789999999999,0.5331005383384257,86.36572883299773
a0e92ed6,6446,1549,4897,0.7596959354638535,11561.63,11966.64,405.0100000000002,0.4500465404902265,63.73939314612657
a15bc102,5124,1888,3236,0.6315378610460578,10082.0,10954.02,872.0200000000004,0.5351288056206089,90.51360559856259
a247e7cf,7237,1563,5674,0.7840265303302474,10374.23,10981.51,607.2800000000007,0.5583805444244853,113.09621210387242
a2e8e7f6,5812,1052,4760,0.8189951823812801,10271.78,10794.84,523.0599999999995,0.4265313145216793,82.0764723249973
a3518960,6992,2025,4967,0.710383295194508,11054.62,12157.93,1103.3099999999995,0.03561212814645309,63.16250158525253
a3f71395,7040,1497,5543,0.7873579545454545,12223.17,12789.45,566.2800000000007,0.09133522727272728,76.98269010933525
a4719920,7495,1611,5884,0.7850567044696465,10885.18,11453.070000000002,567.8900000000012,0.6310873915943963,85.13078105043496
a48640d9,6586,2054,4532,0.6881263285757668,11718.31,12537.15,818.8400000000001,0.12587306407531126,88.87649614970766
a4cdbb0f,6759,1555,5204,0.7699363811214677,10427.84,10985.85,558.0100000000002,0.041278295605858856,110.28475924424177
a4f989c2,7024,1639,5385,0.7666571753986332,10572.9,11172.06,599.1599999999999,0.04726651480637813,118.75588769308919
a5aa7973,6449,1833,4616,0.7157698868041557,10128.56,10966.38,837.8199999999997,0.3536982477903551,109.02240341312725
a5e6f7dc,7331,1682,5649,0.7705633610694311,10702.26,11406.63,704.369999999999,0.5122084299549857,90.54698602508347
a612d5a0,7160,1831,5329,0.7442737430167597,10418.89,11173.11,754.2200000000012,0.04581005586592179,117.87290882400899
a622ce4d,8047,1749,6298,0.7826519199701752,10791.14,11422.72,631.5799999999999,0.433950540574127,89.00640805649786
a645da9a,6766,1613,5153,0.7616021282885014,11265.93,12040.38,774.4499999999989,0.17632279042270174,98.57868996414899
a692b17e,5409,1843,3566,0.6592715843963765,10341.820000000002,11201.46,859.6399999999976,0.596968016269181,80.71085057453642
a6b8ac67,7017,1564,5453,0.7771127262362834,12040.55,12773.51,732.960000000001,0.07154054439219039,81.10750789020078
a6ed2eff,7054,1779,5275,0.7478026651545222,10471.67,11335.85,864.1800000000003,0.5215480578395236,77.39880516858764
a6f967fb,7032,2362,4670,0.6641069397042093,11508.97,12685.43,1176.460000000001,0.03996018202502844,91.92140404653941
a76db406,6451,1779,4672,0.7242288017361649,9935.17,10788.36,853.1900000000005,0.011626104479925592,84.23665439042776
a7744f5b,6017,1640,4377,0.7274389230513545,10541.81,11225.91,684.1000000000004,0.15755359813860728,83.04071881334379
a783cc24,3275,1386,1889,0.576793893129771,10310.89,10778.33,467.4400000000005,0.10351145038167939,78.7926424840134
a79fd2e7,6327,1923,4404,0.6960644855381698,11112.9,11976.59,863.6900000000005,0.45345345345345345,66.07341785829826
a7fc3e6b,6378,1614,4764,0.7469426152398871,10238.88,10980.9,742.0200000000004,0.6069300721229225,96.01656035999459
a85bb86f,5100,2001,3099,0.6076470588235294,10244.93,11161.09,916.1599999999999,0.1503921568627451,116.50064986127352
a85e4bc3,5993,1412,4581,0.7643917904221592,9545.96,10093.820000000002,547.8600000000024,0.4882362756549308,84.49359172783673
a87433c9,7460,1739,5721,0.7668900804289545,11066.45,11907.0,840.5499999999993,0.5418230563002681,71.90592188456037
a8ed028a,7310,1772,5538,0.7575923392612859,12061.12,12859.44,798.3199999999997,0.04555403556771546,82.54640004716259
a959858c,5770,1366,4404,0.7632582322357019,10968.21,12224.91,1256.7000000000007,0.5625649913344888,81.54656745902432
a9c9b150,5826,1840,3986,0.6841743906625471,10329.26,11162.18,832.9200000000001,0.5020597322348095,113.69390445341904
aa95015b,5761,1461,4300,0.7463981947578545,10745.820000000002,11366.19,620.369999999999,0.33275473008158307,94.06671358116215
aaaf3c03,4728,1731,2997,0.6338832487309645,11219.3,12020.37,801.0700000000015,0.06006768189509306,93.46663135344961
aaeffccb,4586,1874,2712,0.5913650239860445,11325.46,12219.37,893.9100000000017,0.5433929350196249,92.00979784550297
ab112491,7178,1993,5185,0.7223460573976038,11287.43,12319.27,1031.8400000000001,0.04583449428810254,97.34739253756702
ab18d3fc,7337,1643,5694,0.7760665121984462,11549.25,12292.990000000002,743.7400000000016,0.294534550906365,84.05126895804732
ab3ced07,6008,1758,4250,0.7073901464713716,11455.27,12250.08,794.8099999999995,0.43641810918774965,92.20491249050436
ab6fe95d,7424,1933,5491,0.7396282327586207,9245.19,10083.17,837.9799999999996,0.23626077586206898,84.94594891191424
ab94878e,7652,1648,6004,0.7846314688970204,10366.15,11189.6,823.4500000000007,0.04443282801881861,90.24426200610786
abf460d2,4763,1546,3217,0.6754146546294353,11510.05,12109.27,599.2200000000012,0.5120722233886206,58.82287299270337
ac6f01d5,6729,1725,5004,0.7436469014712439,11722.96,12532.52,809.5600000000013,0.024074899687917966,89.66734497221631
ad2133a8,7187,1458,5729,0.7971337136496452,11366.0,12076.59,710.5900000000001,0.2767496869347433,85.29402861374042
add9c322,5519,1587,3932,0.7124479072295705,10234.44,10888.42,653.9799999999996,0.5502808479797064,87.47282790029607
ae069086,6741,1971,4770,0.7076101468624834,10231.08,11214.76,983.6800000000003,0.006527221480492508,80.98634062142699
ae0784a8,9171,1348,7823,0.8530149383927598,11656.21,12091.29,435.08000000000175,0.5350561552720532,87.67784000799608
ae35f33a,6469,2019,4450,0.6878961199567166,11745.65,12687.87,942.2200000000012,0.3019013757922399,69.67011709094079
ae8959c3,6645,2127,4518,0.6799097065462754,9798.98,10903.67,1104.6900000000005,0.07735139202407826,80.49185953768922
aed44918,4020,1301,2719,0.6763681592039801,12440.89,12787.23,346.34000000000015,0.6574626865671642,88.64593458888163
aee6393a,7146,1281,5865,0.8207388748950462,10636.68,11016.83,380.14999999999964,0.48866498740554154,77.235058091621
af7a59ce,4330,1306,3024,0.6983833718244804,10856.4,11319.96,463.5599999999995,0.2575057736720554,92.49454668995703
aff4e561,7723,1697,6026,0.7802667357244594,10195.4,10961.72,766.3199999999997,0.3441667745694678,107.6161433356681
b04b58a3,5229,1827,3402,0.6506024096385542,10126.66,10772.84,646.1800000000003,0.05488621151271754,77.82608739337442
b0d42b0d,6357,1386,4971,0.7819726285983954,10592.89,11092.04,499.15000000000146,0.5338996381941167,85.90595470319454
b0f53bf4,4202,1447,2755,0.6556401713469776,11862.35,12224.22,361.869999999999,0.2743931461208948,93.78925551651591
b19b0395,7196,1383,5813,0.8078098943857699,10688.87,11209.28,520.4099999999999,0.039744302390216785,82.26828620108539
b1efb8a4,7562,1564,5998,0.7931764083575774,11391.35,12032.56,641.2099999999991,0.04972229568897117,98.52851485090326
b32902c0,5737,1929,3808,0.663761547847307,10075.52,10941.35,865.8299999999999,0.4842252048108768,88.40981176822993
b32e4903,7420,1650,5770,0.7776280323450134,10434.85,11197.66,762.8099999999995,0.062129380053908355,83.33809916826876
b3388334,7807,1727,6080,0.7787882669399258,10642.52,11506.240000000002,863.7200000000012,0.22966568464198797,87.24849669729149
b37fd114,9786,1625,8161,0.833946454118128,10831.23,11416.78,585.5500000000011,0.08542816268138156,79.90525117159852
b38e3116,7954,1743,6211,0.7808649735981896,11227.96,12032.6,804.6400000000012,0.05280362081971335,98.29471207514003
b4d8dd4f,5909,1650,4259,0.7207649348451515,10426.98,11231.96,804.9799999999996,0.11237095955322389,130.11677964217142
b4f37e6e,4499,1507,2992,0.6650366748166259,10663.17,11213.35,550.1800000000003,0.3158479662147144,126.51690159255593
b56bc0aa,7431,1829,5602,0.7538689274660207,10342.5,11206.47,863.9699999999993,0.20562508410711883,122.67272747087488
b585b4fa,5999,1705,4294,0.715785964327388,10467.34,11245.8,778.4599999999991,0.12102017002833805,77.32703506413881
b5aa9634,8747,1421,7326,0.8375443009031668,12155.27,12548.03,392.7600000000002,0.04012804390076598,83.34242923866256
b7974e66,7170,1612,5558,0.7751743375174337,11575.98,12128.3,552.3199999999997,0.49735006973500695,80.75227361629945
b7cdcecb,7620,1452,6168,0.8094488188976378,10378.44,10982.1,603.6599999999999,0.4174540682414698,115.6334578836395
b7fea9ef,5575,1709,3866,0.6934529147982063,9994.5,10778.320000000002,783.8200000000015,0.15085201793721972,89.72143915306522
b85f7b06,5453,1650,3803,0.6974142673757565,10808.79,11404.37,595.5799999999999,0.1932880982945168,88.24656061227053
b881d27e,5442,1433,4009,0.7366776920249908,10591.83,11199.55,607.7199999999993,0.4355016538037486,81.29500973426683
b8c49c1a,6254,1935,4319,0.6905980172689479,9839.990000000002,10798.15,958.159999999998,0.211864406779661,79.56811673411266
b95e7121,7492,1186,6306,0.8416978109983982,10864.23,11367.3,503.0699999999997,0.06446876668446343,95.42279016426933
b977be4a,7495,1578,5917,0.7894596397598399,10837.04,11422.33,585.289999999999,0.2314876584389593,93.39312638412295
ba48188d,5534,1368,4166,0.7528008673653777,11778.490000000002,12275.31,496.8199999999979,0.16696783520057826,89.07358916820954
bb2cdd83,5665,1840,3825,0.675198587819947,10380.17,11223.740000000002,843.5700000000015,0.14598411297440422,82.05091591858945
bb337fa0,8216,1343,6873,0.8365384615384616,10890.14,11461.4,571.2600000000002,0.6574975657254138,85.14961314092903
bb682ebd,5931,1792,4139,0.6978587084808633,10146.72,11052.45,905.7300000000014,0.25661777103355254,117.8417833492407
bc4381e2,6885,1930,4955,0.719680464778504,11207.21,12147.76,940.5500000000011,0.5288307915758896,73.682273547944
bcebcc5f,7889,1631,6258,0.7932564330079858,10224.240000000002,10966.36,742.119999999999,0.4777538344530359,93.02593260983723
bd2c2f34,11621,1798,9823,0.8452800963772481,9984.44,10700.52,716.0799999999999,0.6111350141984339,81.32513433584731
bd4ae5da,6905,1899,5006,0.7249818971759594,10966.91,11877.71,910.7999999999993,0.6308472121650978,113.66582317530852
bd6f0e19,6979,1839,5140,0.7364951998853704,10600.15,11361.88,761.7299999999996,0.1869895400487176,92.92494924086236
bd8f847e,6161,1200,4961,0.8052264242817725,12301.8,12813.28,511.4800000000014,0.17675701996429152,83.64729461069781
be063506,6539,2039,4500,0.6881786205841872,10985.62,11887.94,902.3199999999997,0.25340266095733294,111.11374687489698
be35c8f2,5898,1672,4226,0.7165140725669719,11804.33,12555.240000000002,750.9100000000017,0.3151915903696168,86.44218078114459
be83e781,4776,1555,3221,0.6744137353433836,10625.36,11191.51,566.1499999999996,0.4489112227805695,81.55766404119558
beda8696,7868,1956,5912,0.7513980681240467,10148.87,10972.22,823.3499999999985,0.5185561769191662,112.71095799282386
bf39bc20,5047,1744,3303,0.654448187041807,10549.51,11219.04,669.5300000000007,0.5371507826431543,123.29129457896967
bf70b410,8000,1653,6347,0.793375,10276.63,10985.17,708.5400000000009,0.380125,105.00711354344347
bffe3082,7186,1463,5723,0.7964096854995826,11333.81,11922.81,589.0,0.30615084887280825,109.91554700743151
c03b9305,6067,1812,4255,0.7013350914784902,9961.13,10822.42,861.2900000000009,0.4743695401351574,75.42852876094786
c03d4aed,6375,1734,4641,0.728,12081.06,12818.25,737.1900000000005,0.1595294117647059,80.34759317612728
c03fba65,5669,1970,3699,0.6524960310460398,9869.12,10835.7,966.5799999999999,0.4469924148879873,91.47513684728828
c07fd0cd,6035,1844,4191,0.6944490472245236,11720.08,12538.94,818.8600000000006,0.43363711681855843,60.37988995405669
c1708b88,7960,1645,6315,0.7933417085427136,10586.17,11369.17,783.0,0.6228643216080402,87.67077602069199
c1d046f4,6917,1404,5513,0.7970218302732398,10973.740000000002,11425.92,452.1799999999985,0.013445135174208473,89.51203980392698
c2717d4f,6682,1961,4721,0.7065249925172105,10356.66,11333.78,977.1200000000008,0.06704579467225381,75.57642983781999
c2c4db09,7851,1812,6039,0.76920137562094,10694.97,11399.570000000002,704.6000000000022,0.2265953381734811,96.28285847202764
c2c6fc71,8840,1721,7119,0.805316742081448,11340.45,12096.89,756.4399999999987,0.36764705882352944,49.61451738252056
c36625df,6386,1644,4742,0.7425618540557469,11074.88,11875.19,800.3100000000013,0.7469464453492014,117.55150253171927
c3957531,7254,1938,5316,0.7328370554177006,11748.51,12688.490000000002,939.9800000000014,0.03832368348497381,95.92452817319626
c42fe306,7023,1928,5095,0.7254734443969814,10084.7,10990.66,905.9599999999991,0.5548910721913712,88.27107130833284
c43812e2,7293,1766,5527,0.7578499931441108,11344.78,12201.87,857.0900000000001,0.6146990264637323,96.35001948965257
c472c0b5,4867,1813,3054,0.627491267721389,9903.66,10810.52,906.8600000000006,0.07951510170536265,68.01843707243094
c47e0767,6099,1743,4356,0.7142154451549434,11420.88,12185.23,764.3500000000004,0.11805213969503198,75.24053336993649
c50b42f6,7920,1906,6014,0.7593434343434343,10079.12,10989.52,910.3999999999996,0.18775252525252525,116.09398295062472
c593337f,7118,1910,5208,0.7316661983703288,11455.09,12125.2,670.1100000000006,0.31314976116886767,88.03504930101411
c59b6c4a,7460,1961,5499,0.7371313672922252,10012.35,10945.43,933.0799999999999,0.14798927613941018,106.14811781162642
c66be2b8,6207,2053,4154,0.6692444014821975,10476.47,11383.570000000002,907.1000000000022,0.2627678427581763,90.0371817757825
c6797dd7,6281,1617,4664,0.7425569176882661,11004.15,12048.46,1044.3099999999995,0.17990765801623945,88.58404526520502
c6b782a4,6675,1798,4877,0.7306367041198502,10339.06,11232.39,893.3299999999999,0.27370786516853934,81.01698102551751
c6c96179,5813,1809,4004,0.6888009633579907,10290.7,11132.75,842.0499999999993,0.3273696886289351,67.15667801769821
c70c0e01,6057,1745,4312,0.7119035826316659,11840.490000000002,12593.9,753.409999999998,0.6838368829453525,82.83996823851939
c84c65be,10243,1747,8496,0.8294444986820267,9282.34,10076.05,793.7099999999991,0.4324904813043054,86.28392934025743
c8d9680c,7741,1460,6281,0.8113938767601085,10862.15,11421.05,558.8999999999996,0.3553804418033846,89.50915780705509
c908edd0,6751,1458,5293,0.7840319952599615,10837.06,11360.84,523.7800000000007,0.04754851133165457,90.59570589335148
c9578d27,6202,1715,4487,0.7234762979683973,10556.92,11246.39,689.4699999999993,0.49967752337955496,80.57151082314321
c96c018a,7679,1443,6236,0.8120849068889179,10746.65,11369.58,622.9300000000003,0.07422841515822373,94.5382910801835
c99f9fae,8394,2033,6361,0.757803192756731,11193.71,12192.5,998.7900000000009,0.03728853943292828,87.5054285739077
c9e6734f,6388,1653,4735,0.7412335629304947,10582.71,11217.990000000002,635.2800000000025,0.04899812147777082,78.99113644308562
c9e980e8,6262,1903,4359,0.6961034813158735,10432.08,11398.9,966.8199999999997,0.15282657297987864,95.82972783109017
c9fedcf3,5210,1693,3517,0.6750479846449137,11380.570000000002,12137.43,756.8599999999988,0.056813819577735125,84.80200943565667
cad13e8f,6866,2018,4848,0.7060879697057967,11700.96,12756.78,1055.8200000000015,0.04194581998252257,71.33131670773955
cb34231f,7510,1901,5609,0.7468708388814913,11815.94,12765.5,949.5599999999995,0.08841544607190413,90.9715257115092
cb879f40,7904,1589,6315,0.7989625506072875,10250.77,10843.27,592.5,0.3532388663967611,71.87675882270264
cbb406b5,8135,1807,6328,0.7778733866011063,10537.64,11424.15,886.5100000000002,0.488260602335587,89.04215772494425
cbe51de1,5362,1399,3963,0.7390898918314062,11584.12,12220.3,636.1799999999985,0.06713912719134651,77.84628930408262
cbe62450,7858,1600,6258,0.7963858488164928,10234.65,10846.740000000002,612.090000000002,0.3262916772715704,70.42325452892072
cc08aa63,5018,1744,3274,0.652451175767238,10484.26,11214.86,730.6000000000004,0.40613790354722995,121.77227735925813
cc8a1d57,8321,1683,6638,0.7977406561711333,11379.22,12061.65,682.4300000000003,0.15839442374714577,84.81153364403386
ccedb12b,6427,2026,4401,0.6847673875836315,11862.27,12688.53,826.2600000000002,0.4257040609926871,92.13619020952653
cd7f1687,5981,1749,4232,0.7075739842835647,10623.62,11451.7,828.0799999999999,0.6373516134425682,83.41583618800674
cda7eb37,7620,1647,5973,0.7838582677165354,11383.06,12080.92,697.8600000000006,0.15170603674540684,88.2657237911019
cdc31d65,6608,1768,4840,0.7324455205811138,11220.92,12107.47,886.5499999999993,0.4456719128329298,54.10373336443187
cdc60a53,7631,1753,5878,0.7702791246232473,10418.97,11218.92,799.9500000000007,0.5362337832525226,82.85894127112586
ce55ba43,5658,1554,4104,0.7253446447507953,10963.73,11458.36,494.630000000001,0.6352067868504772,84.07312603617754
ce8399b7,3548,1933,1615,0.4551860202931229,10237.27,11204.39,967.119999999999,0.05890642615558061,99.29642549113335
cf50c9d1,6634,1776,4858,0.7322882122399759,10399.19,11227.05,827.8599999999988,0.17108833283087127,84.24036425431208
d00e7eb9,7321,1617,5704,0.7791285343532305,10170.78,10934.4,763.619999999999,0.4689250102445021,94.64591827646446
d011f41b,3906,1639,2267,0.5803891449052739,10572.9,11170.97,598.0699999999997,0.04505888376856119,107.69440094417023
d07aed8f,4709,1752,2957,0.6279464854533872,11578.27,12384.86,806.5900000000001,0.29496708430664687,52.94932871237039
d085e611,7852,1661,6191,0.7884615384615384,10220.12,10935.52,715.3999999999996,0.4710901681100357,87.55834631636168
d0a0e7b5,5423,1607,3816,0.7036695555965333,10374.96,10920.61,545.6500000000015,0.13313664023603172,80.57586212543187
d0a43760,5502,1461,4041,0.7344601962922573,10625.23,11188.320000000002,563.090000000002,0.014721919302071973,87.2351648264983
d0cb63ae,6859,1636,5223,0.7614812654905962,10250.89,11050.01,799.1200000000008,0.33240997229916897,113.1363284828078
d114d9c2,7543,1337,6206,0.8227495691369482,10480.17,10973.67,493.5,0.4430597905342702,106.41491199059455
d1457cc5,8443,1523,6920,0.819613881321805,9760.68,10717.3,956.619999999999,0.29527419163804336,81.17465225490457
d1ecf309,7864,1696,6168,0.7843336724313327,10126.34,11058.88,932.539999999999,0.4811800610376399,116.5311880598277
d1ee630d,7879,1589,6290,0.7983246604899099,10724.85,11365.06,640.2099999999991,0.4062698311968524,94.37346882627928
d217e0c5,5713,1875,3838,0.6718011552599334,10615.3,11442.47,827.1700000000001,0.13110449851216524,87.8201186991326
d24ff243,7116,1475,5641,0.7927206295671726,10601.13,11216.5,615.3700000000008,0.23903878583473862,87.83637295286134
d273674e,5738,1839,3899,0.679505054025793,10893.09,11965.76,1072.67,0.19780411293133496,69.95858354991732
d2f3b1ab,7018,1437,5581,0.7952408093473924,10630.570000000002,11189.02,558.4499999999989,0.2212881162724423,81.90720296086879
d3df146b,7252,1465,5787,0.7979867622724766,11598.14,12235.18,637.0400000000009,0.277992277992278,88.30781855854796
d40f61d5,5880,1841,4039,0.6869047619047619,10422.13,11209.09,786.960000000001,0.15459183673469387,81.04802103890289
d41beaf2,6592,1839,4753,0.7210254854368932,10417.62,11229.27,811.6499999999996,0.26941747572815533,75.7894772189017
d463e527,6991,2224,4767,0.6818766986125018,11083.05,12230.01,1146.960000000001,0.05092261479044486,81.5000257313305
d4f60a28,6435,1934,4501,0.6994560994560994,11539.83,12551.97,1012.1399999999994,0.3600621600621601,51.30523691080915
d50c649a,6548,1675,4873,0.7441967012828344,11305.86,11929.14,623.2799999999988,0.2999389126450825,102.9294235239761
d543916f,6281,1482,4799,0.7640503104601178,10321.18,10898.54,577.3600000000006,0.48845725202993157,91.70296773146724
d5df0ff5,5490,1458,4032,0.7344262295081967,11630.3,12063.98,433.6800000000003,0.029143897996357013,74.67088026581834
d60430e6,4176,1665,2511,0.6012931034482759,10516.27,11216.25,699.9799999999996,0.3371647509578544,87.4297896364249
d63196fe,5881,1371,4510,0.7668763815677606,11455.92,12062.3,606.3799999999992,0.16340758374426118,89.65361163482366
d6c320d9,6946,1494,5452,0.7849121796717535,10626.13,11185.34,559.210000000001,0.036279873308378924,80.48683028732752
d6dd7330,7660,1467,6193,0.8084856396866841,11380.05,11969.83,589.7800000000007,0.06305483028720626,63.82259632612227
d7ba4f9d,7771,1748,6023,0.7750611246943765,11941.06,12612.52,671.460000000001,0.31334448590914943,66.3927226814833
d7eb0be8,7208,1807,5401,0.7493063263041065,11953.16,12783.73,830.5699999999997,0.04661487236403995,87.59890157452325
d84b621b,5746,1752,3994,0.6950922380786634,10433.4,11230.64,797.2399999999998,0.2702749738948834,81.90027239344279
d90aa14c,12141,2123,10018,0.8251379622765834,10112.570000000002,10940.84,828.2699999999986,0.4034264063915658,86.69443920424425
d924e971,5308,2124,3184,0.5998492840994725,11040.19,12098.320000000002,1058.130000000001,0.1081386586284853,88.80439442869266
d9ae59b2,5150,1502,3648,0.7083495145631068,10382.31,11043.23,660.9200000000001,0.42097087378640774,116.05141566327922
d9d6d94d,6660,1741,4919,0.7385885885885886,12043.47,12641.33,597.8600000000006,0.1656156156156156,65.46767511180308
d9eca87b,7932,1559,6373,0.8034543620776601,10254.4,10985.69,731.2900000000009,0.5663136661623802,111.32991005593495
da2d4d7c,3567,1453,2114,0.5926548920661621,11814.72,12258.75,444.03000000000065,0.24558452481076534,87.36121043385621
da3bfe4e,7107,1558,5549,0.7807795131560433,10448.2,10999.81,551.6099999999988,0.5386238919375264,113.6202741057343
da3cf798,7591,1747,5844,0.7698590436042683,9982.37,10805.17,822.7999999999993,0.4932156501119747,76.9207205749221
da940160,6792,1660,5132,0.7555948174322733,10510.13,11387.11,876.9800000000014,0.3389281507656066,99.49796392636085
dafc88c3,7187,1615,5572,0.775288715736747,10714.14,11208.6,494.46000000000095,0.04842075970502296,83.07067476340224
dbee6c86,9114,1745,7369,0.8085363177529076,11739.36,12602.23,862.869999999999,0.05102040816326531,77.97544911825904
dc5fbe29,6555,1352,5203,0.7937452326468345,11281.4,12053.0,771.6000000000004,0.3339435545385202,92.36045365697014
dc7da28f,6672,1898,4774,0.7155275779376499,10085.86,10975.41,889.5499999999993,0.0737410071942446,86.09330957308902
dc7f9757,6203,1843,4360,0.7028857004675158,10210.05,11063.1,853.0500000000011,0.5371594389811382,116.23103754640276
dd168de0,5095,1791,3304,0.6484789008832188,10280.1,11018.59,738.4899999999998,0.06771344455348381,86.67102719670946
dd64382d,5058,1934,3124,0.6176354290233294,9989.51,10838.59,849.0799999999999,0.5792803479636219,85.50790700844695
dd6bc5b2,5764,2162,3602,0.6249132546842471,10047.17,11165.740000000002,1118.5700000000015,0.09333795975017349,110.48381103807588
dd7d638e,6046,1745,4301,0.711379424412835,10426.44,11207.78,781.3400000000001,0.3355937810122395,120.49297360212387
ddc790ff,6468,1742,4726,0.730674087816945,10425.67,11319.83,894.1599999999999,0.41465677179962895,75.49276110732083
df71d1ff,7879,1651,6228,0.7904556415788806,10288.63,10970.05,681.4200000000001,0.5330625713923086,111.84009604734149
df73b8f3,7150,1839,5311,0.7427972027972028,11782.7,12561.23,778.5299999999988,0.6297902097902098,84.24788230602468
df8290be,5675,1703,3972,0.6999118942731277,10510.58,11244.16,733.5799999999999,0.5989427312775331,80.0134077780789
e0079ed1,5257,1786,3471,0.660262507133346,10357.98,10975.36,617.380000000001,0.2845729503519117,92.93063591158213
e03b45fd,7083,1741,5342,0.7542001976563603,12017.27,12841.61,824.3400000000001,0.38924184667513767,82.8807865556399
e0f36d98,6714,1738,4976,0.7411379207625857,10703.91,11374.5,670.5900000000001,0.45933869526362825,67.80010790781233
e149204f,7549,1452,6097,0.8076566432640084,10453.29,10973.08,519.789999999999,0.5615313286528016,109.81973990657471
e14d641e,4978,1794,3184,0.6396143029329048,10447.4,11235.73,788.3299999999999,0.6217356368019284,78.14994677135984
e161bd0c,4813,1864,2949,0.6127155620195305,11258.43,12230.09,971.6599999999999,0.46395179721587365,88.49325569731106
e201fd6d,6912,1842,5070,0.7335069444444444,11716.740000000002,12528.21,811.4699999999975,0.28269675925925924,95.89895953332652
e25f1537,5018,1841,3177,0.6331207652451176,9981.72,10795.95,814.2300000000014,0.23714627341570346,82.40025392178613
e2fc7745,5343,1651,3692,0.6909975669099757,11190.56,12014.37,823.8100000000013,0.07280553995882463,81.996137538675
e32da4ec,6148,1459,4689,0.7626870527000651,11512.7,12014.63,501.9299999999985,0.31912817176317504,80.11806142554332
e3b34f5b,7293,1838,5455,0.7479775126833951,10326.79,10976.320000000002,649.5300000000007,0.2868504044974633,96.05244598576357
e45a2a62,6697,1690,5007,0.7476482006868748,10561.070000000002,11252.27,691.1999999999989,0.6099746154994774,79.34220419772312
e46f4ef4,8930,1735,7195,0.8057110862262038,11747.76,12498.21,750.4499999999989,0.3817469204927212,94.3532181475899
e4726608,6268,1535,4733,0.7551052967453733,11393.41,11968.320000000002,574.9100000000017,0.32147415443522653,67.35951309341378
e5864244,6037,1568,4469,0.7402683452045719,11998.03,12778.64,780.6099999999988,0.33278118270664236,82.45149793704316
e5c92e59,5927,1632,4295,0.7246499072043192,11536.52,12215.23,678.7099999999991,0.35397334233170236,82.98311615737536
e5ff9fd2,4198,1844,2354,0.5607432110528823,10874.65,11781.41,906.7600000000002,0.5121486422105764,85.1610653490693
e6c55748,5959,1487,4472,0.7504614868266488,10595.66,11229.03,633.3700000000008,0.11528779996643732,76.79066758331408
e730c32b,6469,1741,4728,0.7308703045292936,10456.67,11384.41,927.7399999999998,0.5809244087185036,93.87213377636307
e737965a,7694,1739,5955,0.7739797244606187,10279.76,10949.65,669.8899999999994,0.5986482973745776,83.5471979418739
e748dd88,6264,1452,4812,0.7681992337164751,11471.01,12035.17,564.1599999999999,0.033684546615581096,90.9280631273977
e7818f7a,6829,1458,5371,0.7864987553082442,10374.46,11032.0,657.5400000000009,0.24234880656025773,114.7887446518954
e7c36e81,5655,2124,3531,0.6244031830238727,10248.37,11200.44,952.0699999999997,0.5405835543766578,127.40255810099838
e7d0c1de,6455,1744,4711,0.7298218435321456,10556.51,11321.740000000002,765.2300000000014,0.03656080557707204,77.40221199006177
e85074c5,7236,1561,5675,0.7842730790491984,10402.52,11009.33,606.8099999999995,0.4418186843559978,75.83821388398417
e97032ad,5654,2124,3530,0.624336752741422,10237.15,11207.56,970.4099999999999,0.48372833392288644,118.89155740191063
e9949a23,6407,1848,4559,0.7115654752614328,11157.21,12074.51,917.3000000000011,0.3739659747151553,92.59318868653304
ea0b99b7,10939,1700,9239,0.8445927415668708,11851.88,12542.96,691.0799999999999,0.5122954566230917,86.23286609594221
ea3a0e38,11794,1742,10052,0.8522977785314567,10236.11,10981.35,745.2399999999998,0.5418009157198576,92.87655281027736
ea41324e,6839,1814,5025,0.7347565433542915,10671.1,11363.98,692.8799999999992,0.3123263635034362,96.9933666946101
eabc711b,7314,1966,5348,0.7312004375170905,10956.5,11884.21,927.7099999999991,0.4111293409898824,109.72336971020833
eac10e86,7501,1434,6067,0.8088254899346754,10400.1,10954.61,554.5100000000002,0.24223436875083323,109.49571366656
eafb863e,5317,1749,3568,0.6710551062629302,10429.52,11226.06,796.539999999999,0.3148391950347941,123.28082767935162
eb06a4e7,6379,1844,4535,0.710926477504311,10478.61,11384.41,905.7999999999993,0.0362125725035272,97.19591179271345
eb640a35,7782,1745,6037,0.7757645849396042,10136.04,10884.14,748.0999999999985,0.475970187612439,86.70931188830438
eb934281,7812,1841,5971,0.764336917562724,11136.03,11955.36,819.3299999999999,0.15668202764976957,52.716902596056045
eba6605e,5719,1309,4410,0.7711138310893513,10542.23,11306.92,764.6900000000005,0.20772862388529464,93.19743127584994
ebe69318,6718,1742,4976,0.7406966359035427,10294.6,11187.39,892.789999999999,0.20913962488835963,82.22287126950208
ec0d597b,6452,1836,4616,0.7154370737755734,10100.76,10971.97,871.2099999999991,0.0717606943583385,82.63289337080715
ec13af42,7362,1900,5462,0.7419179570768812,11391.240000000002,12235.6,844.3599999999988,0.5162999185004075,90.67431514224042
ecdab904,8176,2029,6147,0.7518346379647749,11232.98,12200.23,967.25,0.0688600782778865,69.0963378358611
ecdaf714,8240,1648,6592,0.8,10301.070000000002,11040.14,739.0699999999979,0.04356796116504855,76.84576503793555
ed6436d6,5027,2082,2945,0.585836482991844,11262.92,12234.36,971.4400000000005,0.036403421523771635,97.14514889687345
ed6e6e54,7385,1337,6048,0.818957345971564,11554.64,11980.11,425.47000000000116,0.07555856465809073,63.1157824099889
edf885a3,4863,1746,3117,0.6409623689080814,11492.490000000002,12301.04,808.5499999999993,0.10466790047295908,90.69223532780113
ee0300f7,6161,1617,4544,0.7375426067196884,11687.09,12565.05,877.9599999999991,0.3053075799383217,87.65683109347903
ee288beb,6190,1552,4638,0.7492730210016155,10411.87,11066.17,654.2999999999993,0.30080775444264946,118.58589449717414
ee4aecac,6596,1331,5265,0.7982110369921165,11326.52,11766.89,440.369999999999,0.16722255912674347,83.88273330728937
eeda36f5,6198,1401,4797,0.7739593417231365,12367.58,12845.96,478.3799999999992,0.04098096160051629,90.12075476954489
eeed308d,5503,1604,3899,0.70852262402326,10520.17,11207.76,687.5900000000001,0.5367981101217518,85.13802559817363
ef04658e,5664,1560,4104,0.7245762711864406,9970.94,10804.51,833.5699999999997,0.1475988700564972,74.40569368669897
ef8e3ed0,6637,1413,5224,0.7871026065993671,11625.59,12130.58,504.9899999999998,0.47114660238059364,90.07950942866022
efde6ac3,6220,1661,4559,0.7329581993569132,10221.56,10922.18,700.6200000000008,0.4143086816720257,88.08513388847847
efe96181,5464,1452,4012,0.7342606149341142,9900.02,10804.63,904.6099999999988,0.18338213762811129,81.46106160606743
f0188a48,6139,1969,4170,0.6792637237335071,10574.37,11418.03,843.6599999999999,0.04919367975240267,88.87313526023105
f021b650,5610,1871,3739,0.6664884135472371,11231.84,12135.47,903.6299999999992,0.3538324420677362,79.08285091410474
f03f10fe,5823,1678,4145,0.7118323888030225,10596.12,11233.62,637.5,0.20745320281641766,77.51385778831633
f053a1b9,5952,1844,4108,0.6901881720430108,11469.13,12278.75,809.6200000000008,0.19875672043010753,88.36590796215769
f074d277,3868,1415,2453,0.6341778697001034,11450.22,12031.84,581.6200000000008,0.2264736297828335,88.69035349139693
f07d7037,7688,2125,5563,0.7235952133194589,11174.85,12140.65,965.7999999999993,0.041103017689906346,86.71257430695465
f08774c3,5645,1745,3900,0.6908768821966342,11203.490000000002,12060.63,857.1399999999976,0.07511071744906997,93.97130797360366
f140c2fa,6024,1942,4082,0.6776228419654714,11152.570000000002,12058.79,906.2199999999993,0.2151394422310757,93.61987559762758
f16e25e3,6585,1934,4651,0.7063022019741837,10113.76,10891.77,778.0100000000002,0.4006074411541382,89.2261328621466
f2d4c8c9,7908,1659,6249,0.7902124430955993,10357.03,10938.16,581.1299999999992,0.5193474962063733,108.81984615423852
f321a31c,6555,1414,5141,0.7842868039664378,12080.16,12560.58,480.4200000000001,0.039359267734553775,85.55091738533794
f40cd091,6776,1610,5166,0.762396694214876,11338.92,11910.93,572.0100000000002,0.6394628099173554,109.66120392005371
f439a621,4695,1874,2821,0.6008519701810436,10313.92,11033.87,719.9500000000007,0.4349307774227902,75.10228973808208
f49fdea3,7027,1636,5391,0.7671837199373843,11348.39,12118.25,769.8600000000006,0.05521559698306532,78.91355282770616
f4d12d23,5448,1747,3701,0.6793318649045521,10369.71,11224.51,854.8000000000011,0.24632892804698972,121.30465137837501
f56d3ace,7383,1951,5432,0.7357442773940133,10462.3,11326.98,864.6800000000003,0.3810104293647569,77.74867185184607
f5859199,7438,1648,5790,0.7784350631890293,11466.7,12268.19,801.4899999999998,0.6275880613068029,90.21329923586592
f5d8aab6,6576,2132,4444,0.6757907542579076,10071.84,11050.320000000002,978.4800000000014,0.12119829683698297,119.41760248079747
f631da6e,5604,1511,4093,0.7303711634546752,10578.87,11173.93,595.0599999999995,0.5349750178443968,109.84657392358598
f6824bb0,6864,1849,5015,0.7306235431235432,10310.14,11228.14,918.0,0.14044289044289043,82.13568334424592
f6bc699b,5501,1749,3752,0.6820578076713325,10243.69,11006.070000000002,762.380000000001,0.32175968005817124,87.86413306093856
f6d009f4,8003,1288,6715,0.839060352367862,10009.81,11086.25,1076.4400000000005,0.2897663376233912,123.8931193942618
f72b268f,7918,1514,6404,0.8087900985097247,10412.54,11062.23,649.6899999999987,0.0604950745137661,115.9282422109308
f8662c22,6957,1528,5429,0.780365099899382,11178.31,11731.6,553.2900000000009,0.47448612907862586,89.82888607681033
f88ddb26,6585,1595,4990,0.7577828397873956,11433.48,12199.36,765.880000000001,0.038572513287775244,73.69884092331772
f8afa78a,7367,1335,6032,0.8187864802497624,10493.19,10993.69,500.5,0.47196959413601197,107.03906597404202
f8f59188,6740,1933,4807,0.7132047477744807,10361.84,11323.98,962.1399999999994,0.6155786350148368,76.95984363419988
f9fc81aa,7113,1515,5598,0.7870097005482919,10621.86,11197.97,576.1099999999988,0.06003092928440883,79.78238294988826
fa16d114,6928,1242,5686,0.8207274826789839,10639.63,10963.16,323.53000000000065,0.5010103926096998,107.54186867588311
fa31da94,6681,1654,5027,0.752432270618171,11428.36,12208.56,780.1999999999989,0.6370303846729531,84.81640080443982
fa667be2,8798,1502,7296,0.829279381677654,12080.09,12590.26,510.1700000000001,0.1316208229142987,80.35138518312277
fae0c593,6147,1744,4403,0.7162843663575728,10069.95,10889.490000000002,819.5400000000009,0.032210834553440704,98.59658878507761
fb03ae90,8129,1698,6431,0.7911182187230902,10671.570000000002,11504.09,832.5199999999986,0.15635379505474228,76.85263884760217
fb0904bd,5087,1906,3181,0.6253194417141734,10146.03,10972.18,826.1499999999996,0.5063888342834677,91.44125983900977
fb3848a1,7859,1940,5919,0.7531492556304873,10037.93,10954.240000000002,916.3100000000013,0.5704288077363532,86.27974013362895
fb73b13a,7465,1825,5640,0.7555257870060281,10033.16,10818.09,784.9300000000003,0.35003348961821834,72.72038989740481
fba7683c,2058,1651,407,0.19776482021379982,10978.94,11862.92,883.9799999999996,0.02040816326530612,99.95292885089181
fbd68d27,8552,1723,6829,0.7985266604303087,10585.03,11234.63,649.5999999999985,0.2207670720299345,80.96803342335953
fc03f21f,6202,1399,4803,0.7744276039987101,11010.43,11893.320000000002,882.8900000000012,0.07142857142857142,106.25461495467043
fc0d20b2,5308,1354,3954,0.7449133383571966,10374.95,10799.1,424.14999999999964,0.4421627731725697,75.89040130026113
fcfcc902,4665,1874,2791,0.5982851018220793,10623.89,11440.36,816.4700000000012,0.040085744908896034,88.80875515549371
fd3b4faa,6956,1934,5022,0.7219666474985624,10463.490000000002,11355.28,891.789999999999,0.5523289246693502,89.87726600439616
fd710aea,5960,1743,4217,0.7075503355704698,11426.95,12175.87,748.9200000000001,0.2221476510067114,74.41049402155143
fd8f77fa,6756,1484,5272,0.7803433984606276,10523.54,11421.98,898.4399999999987,0.4733570159857904,90.71983378259509
fde20ecf,6386,1719,4667,0.7308174130911369,11188.12,12047.7,859.5799999999999,0.27074851237081116,78.21520243953503
fdfd57da,7364,2128,5236,0.7110266159695817,10384.08,11375.43,991.3500000000004,0.48954372623574144,99.51145049591456
febb4411,6275,2028,4247,0.676812749003984,11695.84,12615.16,919.3199999999997,0.03187250996015936,68.30794719540458
fef8af96,5068,1242,3826,0.754932912391476,10499.9,11043.2,543.3000000000011,0.3265588003157064,76.66535896367866
ff0aea78,4976,1715,3261,0.6553456591639871,10974.36,11760.08,785.7199999999993,0.3516881028938907,90.4376560554064
ff8bb73a,7670,1743,5927,0.7727509778357236,10378.28,11227.820000000002,849.5400000000009,0.04915254237288136,79.46040518420527
ffefef30,6421,1851,4570,0.7117271453044697,11987.96,12772.06,784.1000000000004,0.2913876343248715,78.08661632331561
